Ranking,Country,Year,Regional indicator,Happiness score,GDP per capita,Social support,Healthy life expectancy,Freedom to make life choices,Generosity,Perceptions of corruption
153,Afghanistan,2015,South Asia,3.58,1.89,0.22,50.0,0.35,0.46,0.82
154,Afghanistan,2016,South Asia,3.36,9.63815,0.09327,51.0,0.27002,0.38145,0.14077
141,Afghanistan,2017,South Asia,3.794,2.14606,0.36108,53.0,0.16131,0.37213,0.13172
145,Afghanistan,2018,South Asia,3.6315,2.01215,0.20121,59.0,0.11671,0.31964,0.07937
154,Afghanistan,2019,South Asia,3.2033,2.07608,0.31842,64.0,0.0,0.27951,0.05495
153,Afghanistan,2020,South Asia,2.5669,1.95686,0.23032,53.0,0.0,0.23733,0.9977
149,Afghanistan,2021,South Asia,2.5229,2.11402,0.0,52.0,0.0,0.22474,0.9825
146,Afghanistan,2022,South Asia,2.4038,3.43077,0.0,65.0,0.0,0.18993,0.00832
137,Afghanistan,2023,South Asia,1.859,2.93045,0.0,55.0,0.0,0.22053,0.89543
140,Afghanistan,2024,South Asia,1.721,2.93451,0.0,62.0,0.0,0.22638,0.15383
95,Albania,2015,Central and Eastern Europe,4.96,5.2,0.57,68.0,0.53,0.18,0.88
109,Albania,2016,Central and Eastern Europe,4.655,9.77705,0.42394,74.0,0.5237,0.20543,0.10493
109,Albania,2017,Central and Eastern Europe,4.644,5.32505,0.49901,68.0,0.57957,0.24021,0.08586
112,Albania,2018,Central and Eastern Europe,4.586,5.55338,0.55534,70.0,0.57789,0.2497,0.07098
107,Albania,2019,Central and Eastern Europe,4.7186,5.6238,0.52208,74.0,0.60727,0.31487,0.05983
105,Albania,2020,Central and Eastern Europe,4.8827,5.90009,0.53664,69.0,0.66633,0.30015,0.95243
93,Albania,2021,Central and Eastern Europe,5.1174,5.7574,0.45126,69.0,0.68576,0.31123,0.95529
90,Albania,2022,Central and Eastern Europe,5.1988,6.51098,0.48923,78.0,0.69039,0.29574,0.04836
83,Albania,2023,Central and Eastern Europe,5.2773,6.58829,0.58729,69.0,0.71181,0.31482,0.93487
86,Albania,2024,Central and Eastern Europe,5.3042,6.71748,0.57133,74.0,0.79892,0.34403,0.08517
68,Algeria,2015,Middle East and North Africa,5.61,5.56,0.77,61.0,0.43,0.1,0.69
38,Algeria,2016,Middle East and North Africa,6.355,9.83726,0.70406,69.0,0.34521,0.08593,0.31981
137,Angola,2015,Sub-Saharan Africa,4.03,4.48,0.61,45.0,0.16,0.16,0.87
141,Angola,2016,Sub-Saharan Africa,3.866,9.9228,0.56087,46.0,0.00967,0.14726,0.16694
140,Angola,2017,Sub-Saharan Africa,3.795,4.58865,0.68573,49.0,0.0,0.11685,0.15016
142,Angola,2018,Sub-Saharan Africa,3.7948,4.42773,0.44277,59.0,0.0,0.13198,0.13409
53,Argelia,2017,Middle East and North Africa,5.872,5.83646,0.71168,65.0,0.35448,0.08285,0.31465
84,Argelia,2018,Middle East and North Africa,5.2946,5.93587,0.59359,68.0,0.10667,0.09237,0.29437
88,Argelia,2019,Middle East and North Africa,5.2113,5.94691,0.7142,72.0,0.1355,0.12838,0.25277
100,Argelia,2020,Middle East and North Africa,5.0051,6.14219,0.73858,66.0,0.12108,0.20869,0.75769
109,Argelia,2021,Sub-Saharan Africa,4.8871,5.40196,0.65216,66.0,0.1665,0.26656,0.78135
96,Argelia,2022,Sub-Saharan Africa,5.1223,6.16812,0.73461,76.0,0.19727,0.22752,0.25535
81,Argelia,2023,Sub-Saharan Africa,5.3291,6.15254,0.80144,67.0,0.32703,0.17425,0.729
84,Argelia,2024,Sub-Saharan Africa,5.3635,6.18327,0.73652,72.0,0.28611,0.22771,0.34775
30,Argentina,2015,Latin America and Caribbean,6.57,6.23,0.89,67.0,0.67,0.14,0.85
26,Argentina,2016,Latin America and Caribbean,6.65,9.92469,0.90101,72.0,0.6949,0.13406,0.14442
24,Argentina,2017,Latin America and Caribbean,6.599,6.33588,0.89437,67.0,0.75127,0.13061,0.12866
29,Argentina,2018,Latin America and Caribbean,6.388,6.50476,0.65048,69.0,0.78637,0.10366,0.11709
47,Argentina,2019,Latin America and Caribbean,6.0863,6.48132,0.88166,74.0,0.74557,0.1165,0.10978
55,Argentina,2020,Latin America and Caribbean,5.9747,6.69279,0.8869,69.0,0.75128,0.12302,0.88669
57,Argentina,2021,Latin America and Caribbean,5.9293,6.63769,0.83585,69.0,0.75926,0.1283,0.87708
57,Argentina,2022,Latin America and Caribbean,5.967,7.20403,0.83488,76.0,0.75047,0.17207,0.14472
52,Argentina,2023,Latin America and Caribbean,6.0237,7.22632,0.85707,67.0,0.76071,0.20975,0.85303
48,Argentina,2024,Latin America and Caribbean,6.1881,7.29612,0.85449,73.0,0.78851,0.21822,0.1399
127,Armenia,2015,Commonwealth of Independent States,4.35,4.54,0.55,65.0,0.3,0.1,0.93
121,Armenia,2016,Commonwealth of Independent States,4.36,9.83195,0.52801,70.0,0.23069,0.09507,0.07157
121,Armenia,2017,Commonwealth of Independent States,4.376,4.81405,0.62554,66.0,0.30126,0.09962,0.05745
129,Armenia,2018,Commonwealth of Independent States,4.3206,4.95064,0.49506,68.0,0.35902,0.12894,0.06049
116,Armenia,2019,Commonwealth of Independent States,4.5594,5.04787,0.64973,73.0,0.44773,0.16795,0.14093
116,Armenia,2020,Commonwealth of Independent States,4.6768,5.25981,0.66852,67.0,0.54535,0.18818,0.80378
86,Armenia,2021,Commonwealth of Independent States,5.2826,5.69131,0.64658,67.0,0.7539,0.14524,0.63853
82,Armenia,2022,Commonwealth of Independent States,5.3986,6.49102,0.62118,76.0,0.75348,0.11645,0.35769
79,Armenia,2023,Commonwealth of Independent States,5.3417,6.66532,0.70009,68.0,0.71402,0.12596,0.71435
81,Armenia,2024,Commonwealth of Independent States,5.4549,6.7441,0.71415,73.0,0.75317,0.12831,0.3009
10,Australia,2015,North America and ANZ,7.28,7.89,0.93,72.0,0.97,0.55,0.35
9,Australia,2016,North America and ANZ,7.313,9.97098,0.93365,78.0,0.93407,0.57834,0.63995
9,Australia,2017,North America and ANZ,7.284,7.9348,0.93758,72.0,0.91395,0.57,0.64867
10,Australia,2018,North America and ANZ,7.2721,8.12558,0.81256,73.0,0.8924,0.60412,0.66165
11,Australia,2019,North America and ANZ,7.228,8.14412,0.95338,77.0,0.88265,0.58596,0.64054
12,Australia,2020,North America and ANZ,7.2228,8.52747,0.9545,74.0,0.89702,0.57032,0.3698
11,Australia,2021,North America and ANZ,7.1835,8.3019,0.91777,74.0,0.90401,0.53836,0.42027
12,Australia,2022,North America and ANZ,7.1621,8.59913,0.91171,80.0,0.91414,0.55053,0.58117
12,Australia,2023,North America and ANZ,7.0946,8.6322,0.92411,71.0,0.87718,0.5751,0.44676
10,Australia,2024,North America and ANZ,7.0569,8.66266,0.90385,76.0,0.87599,0.56188,0.56224
13,Austria,2015,Western Europe,7.2,7.91,0.92,71.0,0.93,0.42,0.66
12,Austria,2016,Western Europe,7.119,9.98799,0.91597,77.0,0.89329,0.40093,0.42257
13,Austria,2017,Western Europe,7.006,7.94914,0.90647,71.0,0.86254,0.37762,0.47611
12,Austria,2018,Western Europe,7.1394,8.13407,0.81341,73.0,0.85198,0.40499,0.48979
10,Austria,2019,Western Europe,7.246,8.16785,0.90858,76.0,0.8429,0.43046,0.49973
9,Austria,2020,Western Europe,7.2942,8.5723,0.92884,73.0,0.87032,0.44841,0.47248
10,Austria,2021,Western Europe,7.2678,8.52282,0.90629,73.0,0.89388,0.3974,0.46586
11,Austria,2022,Western Europe,7.163,8.74141,0.88283,80.0,0.84156,0.41306,0.56086
11,Austria,2023,Western Europe,7.0973,8.75915,0.85325,71.0,0.81601,0.45297,0.44786
14,Austria,2024,Western Europe,6.9047,8.80752,0.82671,76.0,0.81399,0.53362,0.52956
80,Azerbaijan,2015,Commonwealth of Independent States,5.21,6.06,0.67,62.0,0.55,0.1,0.71
81,Azerbaijan,2016,Commonwealth of Independent States,5.291,9.92557,0.64265,66.0,0.58057,0.0688,0.35458
85,Azerbaijan,2017,Commonwealth of Independent States,5.234,6.16647,0.71552,63.0,0.60487,0.05402,0.3898
87,Azerbaijan,2018,Commonwealth of Independent States,5.2006,6.20973,0.62097,66.0,0.59332,0.05172,0.38622
90,Azerbaijan,2019,Commonwealth of Independent States,5.2077,6.19207,0.70664,72.0,0.55679,0.06269,0.40235
89,Azerbaijan,2020,Commonwealth of Independent States,5.1648,6.44425,0.76288,66.0,0.67468,0.0704,0.53615
90,Azerbaijan,2021,Commonwealth of Independent States,5.1708,5.85365,0.71746,66.0,0.73492,0.07907,0.49513
92,Azerbaijan,2022,Commonwealth of Independent States,5.1734,6.599,0.82811,73.0,0.81198,0.05007,0.58051
99,Azerbaijan,2024,Commonwealth of Independent States,4.8934,6.69424,0.54171,70.0,0.77392,0.27835,0.34637
49,Bahrain,2015,Middle East and North Africa,5.96,7.83,0.87,66.0,0.68,0.22,0.45
42,Bahrain,2016,Middle East and North Africa,6.218,9.98695,0.79777,71.0,0.77858,0.20918,0.51013
41,Bahrain,2017,Middle East and North Africa,6.087,7.95617,0.82151,66.0,0.81542,0.20603,0.5536
43,Bahrain,2018,Middle East and North Africa,6.1051,8.11235,0.81123,68.0,0.82043,0.40655,0.2693
37,Bahrain,2019,Middle East and North Africa,6.1994,8.08631,0.84227,74.0,0.84863,0.45063,0.24331
40,Bahrain,2020,Middle East and North Africa,6.2273,8.43829,0.84993,69.0,0.88046,0.50447,0.76237
22,Bahrain,2021,Middle East and North Africa,6.6469,8.04848,0.76689,69.0,0.92328,0.4547,0.74649
21,Bahrain,2022,Middle East and North Africa,6.6469,8.39134,0.77954,75.0,0.93632,0.42584,0.26344
42,Bahrain,2023,Middle East and North Africa,6.1732,8.5584,0.7837,66.0,0.96993,0.4726,0.75428
109,Bangladesh,2015,South Asia,4.69,2.35,0.31,60.0,0.61,0.27,0.77
110,Bangladesh,2016,South Asia,4.643,9.70737,0.20916,66.0,0.65372,0.2334,0.24907
110,Bangladesh,2017,South Asia,4.608,3.13606,0.45644,63.0,0.72671,0.20554,0.26646
115,Bangladesh,2018,South Asia,4.5004,3.22814,0.32281,66.0,0.80007,0.256,0.3147
125,Bangladesh,2019,South Asia,4.4558,3.33871,0.5717,71.0,0.83548,0.29298,0.31678
107,Bangladesh,2020,South Asia,4.8328,3.61922,0.5614,65.0,0.87142,0.31018,0.66851
101,Bangladesh,2021,South Asia,5.0246,3.62965,0.44354,65.0,0.84173,0.29746,0.69948
94,Bangladesh,2022,South Asia,5.1555,4.79885,0.46496,74.0,0.84087,0.267,0.31816
118,Bangladesh,2023,South Asia,4.2821,5.14926,0.3168,65.0,0.79923,0.33007,0.70509
126,Bangladesh,2024,South Asia,3.8859,5.23988,0.15414,71.0,0.89752,0.35025,0.29115
59,Belarus,2015,Commonwealth of Independent States,5.81,6.1,0.88,65.0,0.57,0.14,0.65
61,Belarus,2016,Commonwealth of Independent States,5.802,9.96713,0.88732,70.0,0.47809,0.17008,0.34554
67,Belarus,2017,Commonwealth of Independent States,5.569,6.18227,0.89716,66.0,0.44877,0.18511,0.33666
73,Belarus,2018,Commonwealth of Independent States,5.4833,6.29925,0.62993,68.0,0.42414,0.16898,0.3378
81,Belarus,2019,Commonwealth of Independent States,5.3225,6.33591,0.90256,72.0,0.37207,0.16636,0.31278
75,Belarus,2020,Commonwealth of Independent States,5.5399,6.63025,0.89634,66.0,0.4194,0.15783,0.63687
75,Belarus,2021,Commonwealth of Independent States,5.5335,6.42137,0.85914,66.0,0.45531,0.12996,0.63534
65,Belarus,2022,Commonwealth of Independent States,5.8215,7.06956,0.87623,75.0,0.46192,0.08452,0.48057
19,Belgium,2015,Western Europe,6.94,7.74,0.92,71.0,0.87,0.28,0.59
18,Belgium,2016,Western Europe,6.929,9.98917,0.88948,77.0,0.84396,0.29571,0.51954
17,Belgium,2017,Western Europe,6.891,7.8245,0.90795,71.0,0.82001,0.27623,0.54133
16,Belgium,2018,Western Europe,6.9269,8.02595,0.8026,73.0,0.80429,0.31467,0.52606
18,Belgium,2019,Western Europe,6.923,8.04987,0.9265,76.0,0.74861,0.28242,0.46316
20,Belgium,2020,Western Europe,6.8635,8.43276,0.90379,72.0,0.72094,0.25792,0.60852
20,Belgium,2021,Western Europe,6.834,8.35672,0.85124,72.0,0.6825,0.16245,0.65738
19,Belgium,2022,Western Europe,6.805,8.63249,0.83805,79.0,0.66475,0.10548,0.34685
17,Belgium,2023,Western Europe,6.8591,8.66895,0.89447,71.0,0.76511,0.32545,0.51401
16,Belgium,2024,Western Europe,6.8942,8.72705,0.89106,76.0,0.84413,0.42531,0.54042
52,Belize,2016,Latin America and Caribbean,5.956,9.76528,0.58022,63.0,0.84195,0.28893,0.2132
50,Belize,2017,Latin America and Caribbean,5.956,4.8535,0.67145,60.0,0.83177,0.28639,0.20801
49,Belize,2018,Latin America and Caribbean,5.9556,4.89207,0.48921,63.0,0.81818,0.3055,0.19389
155,Benin,2015,Sub-Saharan Africa,3.34,1.7,0.25,50.0,0.72,0.23,0.85
153,Benin,2016,Sub-Saharan Africa,3.484,9.21448,0.08805,53.0,0.65321,0.24619,0.13223
143,Benin,2017,Sub-Saharan Africa,3.657,2.30433,0.27028,53.0,0.64712,0.24813,0.13123
136,Benin,2018,Sub-Saharan Africa,4.1414,2.29103,0.2291,58.0,0.60699,0.27317,0.14625
102,Benin,2019,Sub-Saharan Africa,4.8832,2.33522,0.26943,65.0,0.55357,0.30998,0.18011
86,Benin,2020,Sub-Saharan Africa,5.216,2.38336,0.22773,54.0,0.5854,0.34515,0.7638
99,Benin,2021,Sub-Saharan Africa,5.0452,2.89676,0.04981,55.0,0.63859,0.30655,0.67503
115,Benin,2022,Sub-Saharan Africa,4.6232,4.21715,0.04829,66.0,0.64703,0.27082,0.39135
116,Benin,2023,Sub-Saharan Africa,4.3737,4.20099,0.1493,56.0,0.6239,0.26952,0.54857
113,Benin,2024,Sub-Saharan Africa,4.3774,4.26801,0.0794,64.0,0.65654,0.27961,0.43828
79,Bhutan,2015,South Asia,5.25,4.56,0.79,59.0,0.79,0.6,0.72
84,Bhutan,2016,South Asia,5.196,9.88423,0.76768,64.0,0.75719,0.59223,0.31987
97,Bhutan,2017,South Asia,5.011,4.73291,0.83208,62.0,0.76193,0.56565,0.37342
97,Bhutan,2018,South Asia,5.0821,4.82921,0.48292,65.0,0.74743,0.60915,0.37381
95,Bhutan,2019,South Asia,5.0821,4.82921,0.81345,69.0,0.72324,0.65477,0.36937
51,Bolivia,2015,Latin America and Caribbean,5.89,4.03,0.7,58.0,0.86,0.26,0.84
59,Bolivia,2016,Latin America and Caribbean,5.822,9.72997,0.70803,63.0,0.83751,0.2647,0.15332
58,Bolivia,2017,Latin America and Caribbean,5.823,4.45677,0.76222,61.0,0.84882,0.26914,0.13025
62,Bolivia,2018,Latin America and Caribbean,5.7519,4.55479,0.45548,64.0,0.8361,0.23621,0.11778
61,Bolivia,2019,Latin America and Caribbean,5.7793,4.60595,0.74474,71.0,0.81029,0.24135,0.14237
65,Bolivia,2020,Latin America and Caribbean,5.7475,4.75687,0.73816,64.0,0.82863,0.24284,0.86319
69,Bolivia,2021,Latin America and Caribbean,5.7159,4.80988,0.66687,64.0,0.83771,0.25411,0.88297
71,Bolivia,2022,Latin America and Caribbean,5.6003,5.68393,0.66661,73.0,0.84706,0.23856,0.10937
69,Bolivia,2023,Latin America and Caribbean,5.6843,5.63795,0.73301,64.0,0.83951,0.24382,0.89362
72,Bolivia,2024,Latin America and Caribbean,5.7843,5.68578,0.7296,70.0,0.83335,0.24842,0.10575
96,Bosnia and Herzegovina,2015,Central and Eastern Europe,4.95,4.92,0.66,67.0,0.14,0.31,1.0
87,Bosnia and Herzegovina,2016,Central and Eastern Europe,5.163,9.77892,0.54398,73.0,0.15631,0.36463,0.0
90,Bosnia and Herzegovina,2017,Central and Eastern Europe,5.182,5.25138,0.66395,68.0,0.31053,0.39241,0.0
93,Bosnia and Herzegovina,2018,Central and Eastern Europe,5.1294,5.54813,0.55481,70.0,0.38691,0.36134,0.0
78,Bosnia and Herzegovina,2019,Central and Eastern Europe,5.3865,5.61179,0.74622,73.0,0.33634,0.46461,0.0122
69,Bosnia and Herzegovina,2020,Central and Eastern Europe,5.6741,5.97651,0.77799,68.0,0.44047,0.46332,0.9978
64,Bosnia and Herzegovina,2021,Central and Eastern Europe,5.8131,5.89613,0.7837,68.0,0.55168,0.48291,0.99052
67,Bosnia and Herzegovina,2022,Central and Eastern Europe,5.768,6.64551,0.80916,76.0,0.60556,0.52131,0.00938
71,Bosnia and Herzegovina,2023,Central and Eastern Europe,5.6325,6.66703,0.84056,67.0,0.6287,0.58636,0.98525
64,Bosnia and Herzegovina,2024,Central and Eastern Europe,5.877,6.84293,0.81541,73.0,0.71889,0.6147,0.0
128,Botswana,2015,Sub-Saharan Africa,4.33,5.88,0.79,40.0,0.74,0.13,0.77
137,Botswana,2016,Sub-Saharan Africa,3.974,9.97103,0.75374,58.0,0.72458,0.15158,0.21317
142,Botswana,2017,Sub-Saharan Africa,3.766,5.99805,0.75846,57.0,0.76749,0.11854,0.21232
146,Botswana,2018,Sub-Saharan Africa,3.5898,6.16459,0.61646,62.0,0.76855,0.0709,0.20189
148,Botswana,2019,Sub-Saharan Africa,3.4884,6.18104,0.7054,68.0,0.7215,0.04417,0.22099
147,Botswana,2020,Sub-Saharan Africa,3.4789,6.4916,0.70155,59.0,0.73433,0.05863,0.80909
146,Botswana,2021,Sub-Saharan Africa,3.4665,6.27831,0.61801,59.0,0.75231,0.05061,0.8382
142,Botswana,2022,Sub-Saharan Africa,3.4711,6.80091,0.61782,65.0,0.77206,0.02663,0.1738
132,Botswana,2023,Sub-Saharan Africa,3.4353,6.68918,0.64251,55.0,0.62199,0.05047,0.87395
134,Botswana,2024,Sub-Saharan Africa,3.3834,6.74926,0.59919,62.0,0.65642,0.03599,0.14271
16,Brazil,2015,Latin America and Caribbean,6.98,5.8,0.88,64.0,0.73,0.18,0.68
17,Brazil,2016,Latin America and Caribbean,6.952,9.98032,0.8784,69.0,0.66437,0.19246,0.2804
22,Brazil,2017,Latin America and Caribbean,6.635,5.91925,0.88869,65.0,0.66457,0.19372,0.23927
28,Brazil,2018,Latin America and Caribbean,6.4189,5.97856,0.59786,68.0,0.68113,0.18451,0.19214
32,Brazil,2019,Latin America and Caribbean,6.2998,5.96248,0.88621,72.0,0.61761,0.17536,0.18922
32,Brazil,2020,Latin America and Caribbean,6.3756,6.19961,0.88104,66.0,0.69712,0.23108,0.80021
35,Brazil,2021,Latin America and Caribbean,6.3301,5.87077,0.80524,67.0,0.71835,0.26166,0.78662
38,Brazil,2022,Latin America and Caribbean,6.2928,6.61668,0.79111,75.0,0.73827,0.28005,0.22882
49,Brazil,2023,Latin America and Caribbean,6.1246,6.61229,0.7719,66.0,0.72389,0.31172,0.75554
44,Brazil,2024,Latin America and Caribbean,6.272,6.67841,0.78488,72.0,0.7937,0.32444,0.24769
134,Bulgaria,2015,Central and Eastern Europe,4.22,5.99,0.79,66.0,0.46,0.15,0.98
129,Bulgaria,2016,Central and Eastern Europe,4.217,9.97792,0.78209,71.0,0.34872,0.15607,0.01218
105,Bulgaria,2017,Central and Eastern Europe,4.714,6.20847,0.8906,68.0,0.4394,0.13504,0.0238
100,Bulgaria,2018,Central and Eastern Europe,4.9331,6.3942,0.63942,69.0,0.49519,0.10746,0.02044
97,Bulgaria,2019,Central and Eastern Europe,5.011,6.4813,0.93211,73.0,0.49234,0.14269,0.00963
96,Bulgaria,2020,Central and Eastern Europe,5.1015,6.81051,0.94379,67.0,0.60268,0.18222,1.0
88,Bulgaria,2021,Central and Eastern Europe,5.2655,6.74535,0.89975,67.0,0.69022,0.231,0.99157
85,Bulgaria,2022,Central and Eastern Europe,5.3709,7.35471,0.88104,76.0,0.76056,0.26345,0.03616
77,Bulgaria,2023,Central and Eastern Europe,5.4661,7.43485,0.89974,66.0,0.72252,0.25132,0.97687
80,Bulgaria,2024,Central and Eastern Europe,5.4627,7.61209,0.9086,72.0,0.71861,0.2078,0.01069
152,Burkina Faso,2015,Sub-Saharan Africa,3.59,1.53,0.61,49.0,0.59,0.27,0.77
145,Burkina Faso,2016,Sub-Saharan Africa,3.739,9.68359,0.53288,53.0,0.54841,0.29709,0.24807
134,Burkina Faso,2017,Sub-Saharan Africa,4.032,1.87211,0.64777,54.0,0.49277,0.29933,0.25916
121,Burkina Faso,2018,Sub-Saharan Africa,4.4244,1.9021,0.19021,59.0,0.43015,0.29362,0.27995
115,Burkina Faso,2019,Sub-Saharan Africa,4.5868,1.96485,0.65033,65.0,0.40323,0.31338,0.25001
112,Burkina Faso,2020,Sub-Saharan Africa,4.7687,1.96832,0.60055,54.0,0.46504,0.32711,0.76291
113,Burkina Faso,2021,Sub-Saharan Africa,4.8338,2.08086,0.40293,54.0,0.53165,0.33691,0.77674
113,Burkina Faso,2022,Sub-Saharan Africa,4.6705,3.52631,0.428,66.0,0.51635,0.39847,0.21393
104,Burkina Faso,2023,Sub-Saharan Africa,4.6376,3.48918,0.5024,55.0,0.54301,0.44503,0.79856
107,Burkina Faso,2024,Sub-Saharan Africa,4.548,3.53115,0.42378,63.0,0.55939,0.43211,0.31067
157,Burundi,2015,Sub-Saharan Africa,2.9,0.09,0.3,47.0,0.18,0.25,0.82
157,Burundi,2016,Sub-Saharan Africa,2.905,7.36575,0.19812,51.0,0.071,0.24753,0.18643
154,Burundi,2017,Sub-Saharan Africa,2.905,0.48976,0.39104,52.0,0.091,0.24393,0.18123
156,Burundi,2018,Sub-Saharan Africa,2.9045,0.55066,0.05507,56.0,0.08951,0.24918,0.16621
145,Burundi,2019,Sub-Saharan Africa,3.7753,0.27209,0.27559,65.0,0.34837,0.31112,0.39844
140,Burundi,2020,Sub-Saharan Africa,3.7753,0.0,0.26078,53.0,0.39725,0.32888,0.60202
140,Burundi,2021,Sub-Saharan Africa,3.7753,0.0,0.05329,53.0,0.41572,0.31852,0.6123
145,Cambodia,2015,Southeast Asia,3.82,2.72,0.45,61.0,0.99,0.51,0.87
140,Cambodia,2016,Southeast Asia,3.907,9.90401,0.45425,61.0,0.96719,0.49211,0.16018
129,Cambodia,2017,Southeast Asia,4.168,3.21668,0.62477,60.0,0.96221,0.46049,0.14668
120,Cambodia,2018,Southeast Asia,4.4326,3.32717,0.33272,63.0,0.96122,0.42895,0.14208
109,Cambodia,2019,Southeast Asia,4.6998,3.40725,0.69131,69.0,0.9643,0.40945,0.13605
106,Cambodia,2020,Southeast Asia,4.8484,3.54424,0.69233,62.0,0.97356,0.40951,0.86339
114,Cambodia,2021,Southeast Asia,4.8304,3.44236,0.58036,62.0,0.98037,0.38822,0.88816
114,Cambodia,2022,Southeast Asia,4.6403,4.61278,0.55466,71.0,1.0,0.35465,0.11574
115,Cambodia,2023,Southeast Asia,4.3935,4.65996,0.63193,62.0,0.99485,0.41696,0.90819
116,Cambodia,2024,Southeast Asia,4.3407,4.72308,0.63008,68.0,1.0,0.42378,0.12354
133,Cameroon,2015,Sub-Saharan Africa,4.25,2.5,0.63,47.0,0.74,0.26,0.9
114,Cameroon,2016,Sub-Saharan Africa,4.513,9.62138,0.52856,49.0,0.70234,0.27668,0.12126
107,Cameroon,2017,Sub-Saharan Africa,4.695,3.01644,0.58738,51.0,0.65384,0.28195,0.1105
99,Cameroon,2018,Sub-Saharan Africa,4.9753,3.24223,0.32422,57.0,0.62613,0.3059,0.09497
96,Cameroon,2019,Sub-Saharan Africa,5.0437,3.25968,0.56053,64.0,0.60354,0.33027,0.08126
98,Cameroon,2020,Sub-Saharan Africa,5.0849,3.27953,0.58138,53.0,0.63358,0.34752,0.89798
91,Cameroon,2021,Sub-Saharan Africa,5.1418,3.10058,0.47471,54.0,0.59393,0.3782,0.89303
102,Cameroon,2022,Sub-Saharan Africa,5.0476,4.38139,0.5089,66.0,0.53663,0.32437,0.12537
96,Cameroon,2023,Sub-Saharan Africa,4.9732,4.38599,0.53789,56.0,0.52545,0.34244,0.89435
101,Cameroon,2024,Sub-Saharan Africa,4.8744,4.40662,0.52953,64.0,0.60374,0.31514,0.10487
5,Canada,2015,North America and ANZ,7.43,7.85,0.94,71.0,0.95,0.58,0.4
6,Canada,2016,North America and ANZ,7.404,9.99918,0.92634,77.0,0.94284,0.54695,0.62012
7,Canada,2017,North America and ANZ,7.316,7.90695,0.91976,71.0,0.92837,0.51969,0.61892
7,Canada,2018,North America and ANZ,7.3285,8.06773,0.80677,73.0,0.90143,0.53657,0.6366
9,Canada,2019,North America and ANZ,7.2781,8.10463,0.92676,77.0,0.92508,0.50373,0.68047
11,Canada,2020,North America and ANZ,7.2321,8.47054,0.92751,74.0,0.92897,0.49407,0.34035
14,Canada,2021,North America and ANZ,7.1033,8.26303,0.89088,74.0,0.90575,0.45492,0.38807
15,Canada,2022,North America and ANZ,7.0251,8.53832,0.89988,80.0,0.89034,0.46367,0.62745
13,Canada,2023,North America and ANZ,6.9607,8.5533,0.91619,71.0,0.85004,0.51781,0.35007
15,Canada,2024,North America and ANZ,6.8996,8.59474,0.90232,76.0,0.84565,0.57434,0.64026
148,Central African Republic,2015,Sub-Saharan Africa,3.68,0.46,0.0,41.0,0.73,0.3,0.85
155,Central African Republic,2017,Sub-Saharan Africa,2.693,0.0,0.0,48.0,0.41146,0.33514,0.12183
155,Central African Republic,2018,Sub-Saharan Africa,3.083,0.14496,0.0145,53.0,0.42138,0.36541,0.08391
155,Central African Republic,2019,Sub-Saharan Africa,3.083,0.15681,0.0,59.0,0.35688,0.41541,0.07791
149,Central African Republic,2020,Sub-Saharan Africa,3.4759,0.26728,0.0,45.0,0.42237,0.44491,0.94699
149,Chad,2015,Sub-Saharan Africa,3.67,2.02,0.54,44.0,0.35,0.23,0.9
144,Chad,2016,Sub-Saharan Africa,3.763,9.42133,0.53393,46.0,0.21048,0.22772,0.09803
137,Chad,2017,Sub-Saharan Africa,3.936,2.34136,0.59225,48.0,0.24663,0.25787,0.1154
131,Chad,2018,Sub-Saharan Africa,4.3006,2.16991,0.21699,54.0,0.26075,0.30259,0.13119
132,Chad,2019,Sub-Saharan Africa,4.3495,2.07803,0.47205,61.0,0.27523,0.35038,0.1726
127,Chad,2020,Sub-Saharan Africa,4.4227,1.96715,0.4776,48.0,0.32974,0.36995,0.83916
128,Chad,2021,Sub-Saharan Africa,4.3554,1.45411,0.30116,48.0,0.33461,0.39712,0.84554
130,Chad,2022,Sub-Saharan Africa,4.2508,2.99429,0.38358,63.0,0.24362,0.38808,0.13112
114,Chad,2023,Sub-Saharan Africa,4.3966,2.82788,0.59374,53.0,0.50899,0.60514,0.8437
110,Chad,2024,Sub-Saharan Africa,4.4713,2.81849,0.49824,61.0,0.47621,0.54504,0.19601
27,Chile,2015,Latin America and Caribbean,6.67,6.55,0.8,70.0,0.66,0.42,0.77
24,Chile,2016,Latin America and Caribbean,6.705,9.98816,0.76557,77.0,0.62104,0.38544,0.22665
20,Chile,2017,Latin America and Caribbean,6.652,6.69664,0.79725,71.0,0.57257,0.38978,0.17723
25,Chile,2018,Latin America and Caribbean,6.4762,6.86033,0.68603,71.0,0.59523,0.32976,0.13264
26,Chile,2019,Latin America and Caribbean,6.444,6.88166,0.84301,75.0,0.56489,0.32981,0.12394
39,Chile,2020,Latin America and Caribbean,6.2285,7.13874,0.85508,70.0,0.60219,0.27303,0.88212
43,Chile,2021,Latin America and Caribbean,6.1719,6.8561,0.80658,70.0,0.61143,0.29391,0.87288
44,Chile,2022,Latin America and Caribbean,6.1718,7.47425,0.81804,79.0,0.62162,0.2643,0.11689
35,Chile,2023,Latin America and Caribbean,6.3338,7.47934,0.85433,70.0,0.70825,0.30961,0.86419
38,Chile,2024,Latin America and Caribbean,6.3603,7.55165,0.84687,76.0,0.75386,0.29188,0.13124
84,China,2015,East Asia,5.14,5.27,0.68,68.0,0.77,0.1,0.95
83,China,2016,East Asia,5.245,9.99912,0.67087,74.0,0.72331,0.06049,0.05434
79,China,2017,East Asia,5.273,5.77927,0.72076,69.0,0.71825,0.03437,0.04909
86,China,2018,East Asia,5.2458,5.9993,0.59993,71.0,0.82375,0.04795,0.22613
93,China,2019,East Asia,5.1909,6.1072,0.69274,74.0,0.82563,0.10213,0.22006
94,China,2020,East Asia,5.1239,6.44595,0.73152,69.0,0.86778,0.13868,0.78008
84,China,2021,East Asia,5.3391,6.06207,0.66924,70.0,0.8881,0.17144,0.78545
72,China,2022,East Asia,5.5853,6.82742,0.72609,77.0,0.88709,0.21219,0.24242
64,China,2023,East Asia,5.8179,6.86644,0.771,69.0,0.86285,0.27174,0.74219
60,China,2024,East Asia,5.9727,6.99292,0.76627,74.0,0.81592,0.32887,0.2843
33,Colombia,2015,Latin America and Caribbean,6.48,5.43,0.88,64.0,0.8,0.23,0.91
31,Colombia,2016,Latin America and Caribbean,6.481,9.95212,0.86346,68.0,0.73519,0.19063,0.10686
36,Colombia,2017,Latin America and Caribbean,6.357,5.72291,0.87061,64.0,0.72539,0.17781,0.10051
37,Colombia,2018,Latin America and Caribbean,6.2601,5.82411,0.58241,67.0,0.73353,0.16499,0.08628
43,Colombia,2019,Latin America and Caribbean,6.1248,5.85077,0.86822,73.0,0.744,0.17434,0.07539
44,Colombia,2020,Latin America and Caribbean,6.1634,6.06636,0.86229,68.0,0.76001,0.16211,0.91401
52,Colombia,2021,Latin America and Caribbean,6.0124,5.83025,0.73847,68.0,0.77371,0.18483,0.88515
66,Colombia,2022,Latin America and Caribbean,5.7806,6.57073,0.70354,78.0,0.73647,0.18617,0.13074
72,Colombia,2023,Latin America and Caribbean,5.6304,6.61594,0.74912,69.0,0.72895,0.19087,0.87797
77,Colombia,2024,Latin America and Caribbean,5.6951,6.71288,0.76751,75.0,0.74585,0.17864,0.10191
140,Comoros,2015,Sub-Saharan Africa,3.96,1.41,0.57,52.0,0.34,0.22,0.64
138,Comoros,2016,Sub-Saharan Africa,3.956,9.80559,0.5098,56.0,0.25328,0.22289,0.36493
142,Comoros,2019,Sub-Saharan Africa,3.9728,1.62986,0.46632,67.0,0.22438,0.48586,0.17252
134,Comoros,2020,Sub-Saharan Africa,4.2886,2.70467,0.46734,57.0,0.26112,0.45372,0.81235
131,Comoros,2021,Sub-Saharan Africa,4.2886,2.7846,0.31338,57.0,0.2819,0.4456,0.81488
116,Comoros,2022,Sub-Saharan Africa,4.6086,4.07074,0.36074,69.0,0.2504,0.41567,0.21357
130,Comoros,2023,Sub-Saharan Africa,3.5452,4.15421,0.20179,59.0,0.15218,0.30547,0.74189
129,Comoros,2024,Sub-Saharan Africa,3.5663,4.18371,0.2029,66.0,0.19937,0.32054,0.27768
99,Congo,2022,Sub-Saharan Africa,5.0752,4.30155,0.30696,67.0,0.58221,0.27791,0.24819
139,Congo (Brazzaville),2015,Sub-Saharan Africa,3.99,4.01,0.47,50.0,0.62,0.16,0.79
127,Congo (Brazzaville),2016,Sub-Saharan Africa,4.236,9.64441,0.40396,56.0,0.62348,0.14733,0.19305
124,Congo (Brazzaville),2017,Sub-Saharan Africa,4.291,4.32424,0.51661,56.0,0.66088,0.1442,0.17148
114,Congo (Brazzaville),2018,Sub-Saharan Africa,4.5587,4.13327,0.41333,60.0,0.70919,0.15311,0.16916
103,Congo (Brazzaville),2019,Sub-Saharan Africa,4.8115,3.99414,0.49202,67.0,0.58905,0.18547,0.20466
88,Congo (Brazzaville),2020,Sub-Saharan Africa,5.1944,4.12329,0.48957,58.0,0.55752,0.20571,0.77742
83,Congo (Brazzaville),2021,Sub-Saharan Africa,5.3417,2.95714,0.33417,58.0,0.53194,0.26589,0.77295
86,Congo (Brazzaville),2023,Sub-Saharan Africa,5.2671,4.18781,0.41059,57.0,0.60093,0.31812,0.75746
87,Congo (Brazzaville),2024,Sub-Saharan Africa,5.2215,4.16881,0.38471,64.0,0.60549,0.3089,0.23939
120,Congo (Kinshasa),2015,Sub-Saharan Africa,4.52,0.0,0.71,42.0,0.34,0.31,0.86
125,Congo (Kinshasa),2016,Sub-Saharan Africa,4.272,7.90737,0.68182,52.0,0.2564,0.31057,0.12025
126,Congo (Kinshasa),2017,Sub-Saharan Africa,4.28,0.49232,0.7631,53.0,0.35847,0.29407,0.12974
132,Congo (Kinshasa),2018,Sub-Saharan Africa,4.2449,0.41979,0.04198,57.0,0.43113,0.33005,0.11434
127,Congo (Kinshasa),2019,Sub-Saharan Africa,4.4181,0.55863,0.69278,64.0,0.42539,0.37546,0.11762
131,Congo (Kinshasa),2020,Sub-Saharan Africa,4.311,0.40664,0.5383,53.0,0.52595,0.44633,0.8472
133,Congo (Kinshasa),2023,Sub-Saharan Africa,3.2072,2.413,0.48389,55.0,0.48667,0.4331,0.87824
136,Congo (Kinshasa),2024,Sub-Saharan Africa,3.2954,2.49318,0.41119,63.0,0.54754,0.47074,0.12548
12,Costa Rica,2015,Latin America and Caribbean,7.23,5.65,0.88,70.0,0.95,0.32,0.81
14,Costa Rica,2016,Latin America and Caribbean,7.087,9.9324,0.86331,75.0,0.90759,0.27513,0.20876
12,Costa Rica,2017,Latin America and Caribbean,7.079,5.93183,0.87944,69.0,0.88133,0.25608,0.2156
13,Costa Rica,2018,Latin America and Caribbean,7.0717,6.12525,0.61252,71.0,0.87169,0.2398,0.22018
12,Costa Rica,2019,Latin America and Caribbean,7.1674,6.14128,0.88758,76.0,0.88402,0.2552,0.20648
15,Costa Rica,2020,Latin America and Caribbean,7.1214,6.38461,0.8884,71.0,0.9304,0.23037,0.81926
16,Costa Rica,2021,Latin America and Caribbean,7.0694,6.47464,0.82391,71.0,0.93933,0.19487,0.84769
23,Costa Rica,2022,Latin America and Caribbean,6.582,7.17062,0.79887,79.0,0.89372,0.19015,0.17451
23,Costa Rica,2023,Latin America and Caribbean,6.6085,7.21454,0.82705,70.0,0.88549,0.2348,0.79402
12,Costa Rica,2024,Latin America and Caribbean,6.9554,7.29097,0.84936,75.0,0.9226,0.27072,0.21378
62,Croatia,2015,Central and Eastern Europe,5.76,6.4,0.57,67.0,0.39,0.07,0.96
74,Croatia,2016,Central and Eastern Europe,5.488,9.69673,0.51391,73.0,0.3929,0.22489,0.07922
77,Croatia,2017,Central and Eastern Europe,5.293,6.53506,0.60102,68.0,0.38856,0.29592,0.09283
82,Croatia,2018,Central and Eastern Europe,5.3212,6.76097,0.6761,69.0,0.52503,0.20085,0.08523
75,Croatia,2019,Central and Eastern Europe,5.4318,6.8564,0.77959,75.0,0.46916,0.21106,0.04876
79,Croatia,2020,Central and Eastern Europe,5.5047,7.21703,0.84731,70.0,0.55023,0.20006,0.97688
60,Croatia,2021,Central and Eastern Europe,5.8817,7.14768,0.88595,71.0,0.63212,0.20546,1.0
47,Croatia,2022,Central and Eastern Europe,6.1252,7.71867,0.89648,78.0,0.72241,0.23325,0.0
48,Croatia,2023,Central and Eastern Europe,6.125,7.84908,0.89808,69.0,0.64764,0.20572,0.99514
62,Croatia,2024,Central and Eastern Europe,5.9423,7.98916,0.89374,74.0,0.54346,0.16046,0.07452
67,Cyprus,2015,Western Europe,5.69,7.15,0.64,72.0,0.61,0.38,0.89
69,Cyprus,2016,Western Europe,5.546,9.93412,0.59748,78.0,0.48492,0.34044,0.10348
65,Cyprus,2017,Western Europe,5.621,7.24804,0.70246,72.0,0.53948,0.32366,0.08882
61,Cyprus,2018,Middle East and North Africa,5.7625,7.45164,0.74516,73.0,0.58353,0.33886,0.07654
49,Cyprus,2019,,6.0458,7.50051,0.75329,77.0,0.64287,0.33664,0.08973
45,Cyprus,2020,Western Europe,6.159,7.89236,0.74257,74.0,0.66264,0.40001,0.90396
39,Cyprus,2021,Western Europe,6.2235,7.86375,0.65284,74.0,0.64801,0.32932,0.889
41,Cyprus,2022,Sub-Saharan Africa,6.2209,8.21521,0.68892,81.0,0.60557,0.26356,0.10528
46,Cyprus,2023,Sub-Saharan Africa,6.13,8.29006,0.756,73.0,0.59029,0.24724,0.91149
50,Cyprus,2024,Western Europe,6.0681,8.38021,0.75284,78.0,0.6125,0.31061,0.08551
31,Czech Republic,2015,Central and Eastern Europe,6.51,6.97,0.86,69.0,0.69,0.13,0.95
27,Czech Republic,2016,Western Europe,6.596,9.97896,0.85183,75.0,0.68067,0.12112,0.07889
23,Czech Republic,2017,Central and Eastern Europe,6.609,7.23063,0.89029,69.0,0.74584,0.10513,0.07941
21,Czech Republic,2018,Central and Eastern Europe,6.7109,7.47985,0.74799,72.0,0.74901,0.10704,0.07361
20,Czech Republic,2019,Central and Eastern Europe,6.8521,7.53554,0.9161,75.0,0.72377,0.08142,0.08061
19,Czech Republic,2020,Central and Eastern Europe,6.9109,7.88925,0.90806,70.0,0.72951,0.0813,0.90659
18,Czech Republic,2021,Central and Eastern Europe,6.9647,7.82406,0.92998,71.0,0.81013,0.09619,0.91653
18,Czechia,2022,Central and Eastern Europe,6.9198,8.21499,0.95467,78.0,0.89237,0.33864,0.08215
18,Czechia,2023,Central and Eastern Europe,6.8452,8.28976,0.95328,69.0,0.89842,0.37426,0.91042
18,Czechia,2024,Western Europe,6.8218,8.33065,0.93473,74.0,0.91101,0.44123,0.11798
3,Denmark,2015,Western Europe,7.53,7.84,0.97,70.0,0.97,0.43,0.12
1,Denmark,2016,Western Europe,7.526,9.97766,0.98351,76.0,0.95223,0.44126,0.8799
2,Denmark,2017,Western Europe,7.522,7.92394,0.96309,70.0,0.95102,0.42392,0.86316
3,Denmark,2018,Western Europe,7.5553,8.1935,0.81935,72.0,0.9431,0.47592,0.89266
2,Denmark,2019,Western Europe,7.6001,8.21474,0.96855,76.0,0.93839,0.44593,0.90675
2,Denmark,2020,Western Europe,7.6456,8.63519,0.97149,72.0,0.95928,0.42609,0.07109
2,Denmark,2021,Western Europe,7.6195,8.57642,0.94517,73.0,0.95837,0.38358,0.11299
2,Denmark,2022,Western Europe,7.6362,8.83769,0.94149,80.0,0.97146,0.40097,0.9067
2,Denmark,2023,Western Europe,7.5864,8.86229,0.95567,71.0,0.95192,0.49451,0.06348
2,Denmark,2024,Western Europe,7.5827,8.91278,0.94051,76.0,0.95298,0.50792,0.95358
126,Djibouti,2015,Sub-Saharan Africa,4.37,2.6,0.42,52.0,0.69,0.23,0.49
98,Dominican Republic,2015,Latin America and Caribbean,4.89,5.3,0.84,63.0,0.86,0.27,0.74
89,Dominican Republic,2016,Latin America and Caribbean,5.155,9.97101,0.84086,67.0,0.85883,0.25967,0.24488
86,Dominican Republic,2017,Latin America and Caribbean,5.23,5.76969,0.87076,64.0,0.83948,0.22309,0.24541
83,Dominican Republic,2018,Latin America and Caribbean,5.3018,5.953,0.5953,66.0,0.7982,0.20073,0.23139
77,Dominican Republic,2019,Latin America and Caribbean,5.4253,6.02949,0.86316,72.0,0.78716,0.19959,0.224
68,Dominican Republic,2020,Latin America and Caribbean,5.6892,6.39817,0.8587,66.0,0.81191,0.1969,0.78253
73,Dominican Republic,2021,Latin America and Caribbean,5.5451,6.31987,0.75007,66.0,0.81207,0.18665,0.73737
69,Dominican Republic,2022,Latin America and Caribbean,5.7372,6.95908,0.75982,74.0,0.81898,0.17961,0.30446
73,Dominican Republic,2023,Latin America and Caribbean,5.5689,6.98469,0.75753,64.0,0.80788,0.1979,0.65223
68,Dominican Republic,2024,Latin America and Caribbean,5.8228,7.08565,0.78657,71.0,0.84544,0.21543,0.34005
48,Ecuador,2015,Latin America and Caribbean,5.97,5.11,0.71,67.0,0.73,0.15,0.67
51,Ecuador,2016,Latin America and Caribbean,5.976,9.99859,0.72659,72.0,0.66181,0.12289,0.35702
44,Ecuador,2017,Latin America and Caribbean,6.008,5.34979,0.79858,67.0,0.69153,0.17912,0.30181
48,Ecuador,2018,Latin America and Caribbean,5.9732,5.39197,0.5392,69.0,0.76765,0.19064,0.26294
50,Ecuador,2019,Latin America and Caribbean,6.0276,5.41414,0.80812,74.0,0.78813,0.2231,0.19277
58,Ecuador,2020,Latin America and Caribbean,5.9252,5.55344,0.789,69.0,0.80089,0.20183,0.83729
66,Ecuador,2021,Latin America and Caribbean,5.764,5.34315,0.68785,69.0,0.78255,0.19824,0.88705
76,Ecuador,2022,Latin America and Caribbean,5.5333,6.11796,0.66607,78.0,0.7631,0.17165,0.14163
74,Ecuador,2023,Latin America and Caribbean,5.5589,6.10362,0.7243,69.0,0.72544,0.1866,0.87672
73,Ecuador,2024,Latin America and Caribbean,5.7245,6.14556,0.7118,74.0,0.70203,0.21807,0.1362
135,Egypt,2015,Middle East and North Africa,4.19,5.22,0.53,61.0,0.26,0.14,0.89
120,Egypt,2016,Middle East and North Africa,4.362,9.98272,0.42098,65.0,0.30973,0.15501,0.20572
104,Egypt,2017,Middle East and North Africa,4.735,5.29036,0.61933,62.0,0.42858,0.15348,0.24635
122,Egypt,2018,Middle East and North Africa,4.4192,5.36904,0.5369,65.0,0.43076,0.15466,0.23331
137,Egypt,2019,Middle East and North Africa,4.1655,5.41849,0.63992,70.0,0.38183,0.13376,0.14763
138,Egypt,2020,Middle East and North Africa,4.1514,5.6956,0.63489,62.0,0.53902,0.12074,0.82095
132,Egypt,2021,Middle East and North Africa,4.2827,5.45037,0.55191,62.0,0.62343,0.1278,0.83139
129,Egypt,2022,Middle East and North Africa,4.2877,6.28287,0.55484,73.0,0.63373,0.08688,0.43349
121,Egypt,2023,Middle East and North Africa,4.1705,6.26115,0.60007,64.0,0.60504,0.09084,0.55447
124,Egypt,2024,Middle East and North Africa,3.9766,6.4002,0.61604,70.0,0.56722,0.06326,0.45073
42,El Salvador,2015,Latin America and Caribbean,6.13,4.52,0.73,63.0,0.6,0.13,0.79
46,El Salvador,2016,Latin America and Caribbean,6.068,9.96561,0.68434,68.0,0.61248,0.1083,0.21006
45,El Salvador,2017,Latin America and Caribbean,6.003,4.86317,0.73398,65.0,0.65697,0.09338,0.1938
40,El Salvador,2018,Latin America and Caribbean,6.1668,4.8866,0.48866,67.0,0.63587,0.10888,0.18018
35,El Salvador,2019,Latin America and Caribbean,6.2531,4.71618,0.7647,72.0,0.68144,0.16451,0.1643
34,El Salvador,2020,Latin America and Caribbean,6.3483,4.87377,0.74271,66.0,0.7559,0.20873,0.7805
49,El Salvador,2021,Latin America and Caribbean,6.0605,4.82622,0.57554,66.0,0.85967,0.2144,0.70717
49,El Salvador,2022,Latin America and Caribbean,6.12,5.72506,0.58176,75.0,0.89984,0.18951,0.36099
50,El Salvador,2023,Latin America and Caribbean,6.1216,5.80835,0.64474,66.0,0.92432,0.1863,0.60474
33,El Salvador,2024,Latin America and Caribbean,6.4687,5.91016,0.66796,72.0,0.94521,0.20589,0.43942
73,Estonia,2015,Central and Eastern Europe,5.43,6.81,0.88,67.0,0.67,0.11,0.72
72,Estonia,2016,Western Europe,5.517,9.99915,0.88875,72.0,0.68221,0.10275,0.36656
66,Estonia,2017,Western Europe,5.611,7.06063,0.91686,67.0,0.72789,0.118,0.39467
63,Estonia,2018,Western Europe,5.7392,7.27703,0.7277,69.0,0.76302,0.14346,0.38048
55,Estonia,2019,Western Europe,5.8935,7.34417,0.94099,74.0,0.78441,0.18213,0.35525
51,Estonia,2020,Western Europe,6.0218,7.75987,0.93904,69.0,0.8318,0.21961,0.62157
40,Estonia,2021,Western Europe,6.1888,7.67446,0.92027,69.0,0.89562,0.21931,0.51866
36,Estonia,2022,Western Europe,6.3408,8.11754,0.93364,78.0,0.93145,0.26272,0.56726
31,Estonia,2023,Western Europe,6.4552,8.17615,0.94244,70.0,0.94374,0.36408,0.33635
34,Estonia,2024,Western Europe,6.4477,8.18422,0.94468,75.0,0.93287,0.41531,0.69812
125,Eswatini,2022,Sub-Saharan Africa,4.3961,5.76459,0.59569,62.0,0.35032,0.08044,0.26259
132,Eswatini,2024,Sub-Saharan Africa,3.502,5.86448,0.57229,60.0,0.32912,0.14811,0.20145
122,Ethiopia,2015,Sub-Saharan Africa,4.51,1.13,0.43,55.0,0.65,0.31,0.73
115,Ethiopia,2016,Sub-Saharan Africa,4.508,9.21583,0.32057,58.0,0.60319,0.36015,0.33986
119,Ethiopia,2017,Sub-Saharan Africa,4.46,1.81334,0.53687,58.0,0.62111,0.37306,0.35635
127,Ethiopia,2018,Sub-Saharan Africa,4.3502,1.86731,0.18673,62.0,0.62376,0.36749,0.31958
134,Ethiopia,2019,Sub-Saharan Africa,4.2858,1.99761,0.63626,67.0,0.54516,0.36875,0.22145
136,Ethiopia,2020,Sub-Saharan Africa,4.1862,2.0507,0.64689,59.0,0.5951,0.3996,0.77973
133,Ethiopia,2021,Sub-Saharan Africa,4.2747,2.11179,0.57905,59.0,0.62947,0.44613,0.79145
131,Ethiopia,2022,Sub-Saharan Africa,4.2415,3.56684,0.61291,70.0,0.63841,0.43725,0.23146
124,Ethiopia,2023,Sub-Saharan Africa,4.0906,3.6066,0.688,61.0,0.58409,0.67152,0.82064
127,Ethiopia,2024,Sub-Saharan Africa,3.8609,3.69798,0.56598,68.0,0.51069,0.67442,0.17505
6,Finland,2015,Western Europe,7.41,7.63,0.94,71.0,0.96,0.29,0.25
5,Finland,2016,Western Europe,7.413,9.83367,0.95891,77.0,0.93846,0.31099,0.81162
5,Finland,2017,Western Europe,7.469,7.71648,0.95633,71.0,0.93878,0.29291,0.82405
1,Finland,2018,Western Europe,7.6321,7.91421,0.79142,72.0,0.93948,0.3207,0.85993
1,Finland,2019,Western Europe,7.7689,7.95824,0.9776,76.0,0.944,0.26989,0.86796
1,Finland,2020,Western Europe,7.8087,8.36344,0.96896,72.0,0.95535,0.28022,0.10373
1,Finland,2021,Western Europe,7.8421,8.26118,0.94362,72.0,0.96454,0.22947,0.12117
1,Finland,2022,Western Europe,7.821,8.56175,0.95317,80.0,0.99399,0.23237,0.90939
1,Finland,2023,Western Europe,7.8042,8.58486,0.97853,71.0,1.0,0.29969,0.04551
1,Finland,2024,Western Europe,7.7407,8.61498,0.97268,76.0,0.99532,0.35347,0.94966
29,France,2015,Western Europe,6.57,7.56,0.9,73.0,0.82,0.15,0.63
32,France,2016,Western Europe,6.478,9.979,0.84942,78.0,0.76521,0.14835,0.35249
31,France,2017,Western Europe,6.442,7.64887,0.86167,72.0,0.71435,0.15483,0.37153
23,France,2018,Western Europe,6.4893,7.83956,0.78396,73.0,0.71818,0.16373,0.38447
24,France,2019,Western Europe,6.5921,7.86139,0.90663,77.0,0.68998,0.19634,0.40467
23,France,2020,Western Europe,6.6638,8.25242,0.94267,74.0,0.74149,0.19762,0.57367
21,France,2021,Western Europe,6.6899,8.11889,0.92199,74.0,0.748,0.1707,0.57009
20,France,2022,Western Europe,6.6867,8.43077,0.92324,81.0,0.76644,0.14938,0.45266
21,France,2023,Western Europe,6.6613,8.43604,0.88501,72.0,0.75391,0.196,0.51918
27,France,2024,Western Europe,6.609,8.49487,0.83395,77.0,0.75269,0.28013,0.48839
143,Gabon,2015,Sub-Saharan Africa,3.9,6.27,0.65,54.0,0.48,0.09,0.8
134,Gabon,2016,Sub-Saharan Africa,4.121,9.93276,0.6116,58.0,0.46176,0.07617,0.18436
118,Gabon,2017,Sub-Saharan Africa,4.465,6.40492,0.71752,58.0,0.47448,0.05225,0.16379
103,Gabon,2018,Sub-Saharan Africa,4.7583,6.28407,0.62841,62.0,0.49178,0.05361,0.11282
104,Gabon,2019,Sub-Saharan Africa,4.7992,6.27431,0.72853,68.0,0.46681,0.07572,0.12067
108,Gabon,2020,Sub-Saharan Africa,4.8293,6.42975,0.71493,60.0,0.53292,0.09128,0.89533
112,Gabon,2021,Sub-Saharan Africa,4.8518,5.92207,0.60308,60.0,0.59282,0.10642,0.88363
106,Gabon,2022,Sub-Saharan Africa,4.9583,6.60452,0.5589,68.0,0.46375,0.06897,0.16805
94,Gabon,2023,Sub-Saharan Africa,5.0347,6.5394,0.63034,58.0,0.44869,0.08561,0.81765
93,Gabon,2024,Sub-Saharan Africa,5.1063,6.55653,0.64189,66.0,0.59747,0.11297,0.17365
120,Gambia,2019,,4.5163,1.82777,0.57836,66.0,0.60555,0.47478,0.3692
113,Gambia,2020,Sub-Saharan Africa,4.7506,1.67238,0.57037,55.0,0.58191,0.74759,0.70348
98,Gambia,2021,Sub-Saharan Africa,5.051,2.09648,0.4363,55.0,0.53587,0.85851,0.77446
93,Gambia,2022,Sub-Saharan Africa,5.1636,3.55224,0.47015,67.0,0.49644,0.82926,0.17472
119,Gambia,2023,Sub-Saharan Africa,4.2794,3.45836,0.37888,58.0,0.37054,0.78721,0.94071
109,Gambia,2024,Sub-Saharan Africa,4.4849,3.50522,0.42303,65.0,0.53119,0.80918,0.08311
130,Georgia,2015,Commonwealth of Independent States,4.3,4.39,0.28,65.0,0.61,0.07,0.31
126,Georgia,2016,Western Europe,4.252,9.96148,0.16268,70.0,0.53347,0.08278,0.63102
125,Georgia,2017,Commonwealth of Independent States,4.286,5.08141,0.35429,66.0,0.47005,0.06444,0.54203
128,Georgia,2018,Commonwealth of Independent States,4.3405,5.17439,0.51744,67.0,0.51823,0.06442,0.46992
119,Georgia,2019,Commonwealth of Independent States,4.5191,5.26021,0.40997,72.0,0.54832,0.07627,0.36187
117,Georgia,2020,Commonwealth of Independent States,4.6726,5.51319,0.47248,64.0,0.7003,0.08355,0.67348
108,Georgia,2021,Commonwealth of Independent States,4.8914,5.88527,0.40074,64.0,0.68128,0.05991,0.66835
105,Georgia,2022,Commonwealth of Independent States,4.9732,6.64092,0.46345,74.0,0.68636,0.0,0.35489
90,Georgia,2023,Commonwealth of Independent States,5.1091,6.71676,0.58458,65.0,0.69826,0.0,0.64214
89,Georgia,2024,Commonwealth of Independent States,5.1847,6.85312,0.61243,71.0,0.78743,0.0,0.30305
26,Germany,2015,Western Europe,6.75,7.86,0.93,71.0,0.92,0.35,0.6
16,Germany,2016,Western Europe,6.994,9.97881,0.92772,77.0,0.87868,0.3715,0.56513
16,Germany,2017,Western Europe,6.951,7.95355,0.91428,70.0,0.85456,0.40124,0.59601
15,Germany,2018,Western Europe,6.9647,8.12357,0.81236,72.0,0.80907,0.45768,0.61239
17,Germany,2019,Western Europe,6.985,8.15021,0.8955,76.0,0.7846,0.46211,0.58535
17,Germany,2020,Western Europe,7.0758,8.55212,0.88432,72.0,0.81393,0.44232,0.41976
13,Germany,2021,Western Europe,7.1545,8.45544,0.84669,73.0,0.83861,0.36012,0.44109
14,Germany,2022,Western Europe,7.0341,8.70708,0.82395,80.0,0.79064,0.34739,0.60939
16,Germany,2023,Western Europe,6.8918,8.72605,0.86497,71.0,0.80068,0.36188,0.34925
24,Germany,2024,Western Europe,6.7185,8.74242,0.85967,76.0,0.81064,0.43453,0.63956
114,Ghana,2015,Sub-Saharan Africa,4.63,3.23,0.48,53.0,0.63,0.29,0.92
124,Ghana,2016,Sub-Saharan Africa,4.276,9.28626,0.41709,56.0,0.67337,0.25867,0.06453
131,Ghana,2017,Sub-Saharan Africa,4.12,3.56659,0.54246,56.0,0.64265,0.30656,0.05457
108,Ghana,2018,Sub-Saharan Africa,4.657,3.58823,0.35882,60.0,0.68812,0.35439,0.06293
98,Ghana,2019,Sub-Saharan Africa,4.9963,3.63001,0.53458,67.0,0.60278,0.43227,0.08735
91,Ghana,2020,Sub-Saharan Africa,5.148,3.74746,0.62444,57.0,0.68846,0.45856,0.8939
95,Ghana,2021,Sub-Saharan Africa,5.0884,3.88112,0.50767,58.0,0.72191,0.49597,0.89369
111,Ghana,2022,Sub-Saharan Africa,4.872,5.03084,0.45075,68.0,0.67498,0.49054,0.09471
107,Ghana,2023,Sub-Saharan Africa,4.605,5.00393,0.46684,59.0,0.68178,0.50089,0.93799
117,Ghana,2024,Sub-Saharan Africa,4.2894,5.0292,0.46219,66.0,0.72188,0.45589,0.04822
102,Greece,2015,Western Europe,4.86,6.83,0.66,71.0,0.11,0.0,0.97
99,Greece,2016,Western Europe,5.033,9.97503,0.63784,76.0,0.09568,0.0,0.08169
87,Greece,2017,,5.227,6.89283,0.76955,71.0,0.14543,0.0,0.09324
79,Greece,2018,Western Europe,5.3579,6.99674,0.69967,72.0,0.18072,0.0,0.0973
82,Greece,2019,Middle East and North Africa,5.2867,7.01463,0.71213,76.0,0.10625,0.0,0.07604
77,Greece,2020,Middle East and North Africa,5.515,7.34098,0.75536,72.0,0.25029,0.0,0.90839
68,Greece,2021,Middle East and North Africa,5.7226,7.27059,0.69218,73.0,0.33994,0.0,0.86448
58,Greece,2022,Middle East and North Africa,5.9482,7.70827,0.74276,80.0,0.33669,0.03189,0.18461
58,Greece,2023,Middle East and North Africa,5.9309,7.76334,0.76983,71.0,0.3213,0.01872,0.82647
63,Greece,2024,Middle East and North Africa,5.9336,7.86686,0.7894,76.0,0.39053,0.04532,0.16097
43,Guatemala,2015,Latin America and Caribbean,6.12,4.41,0.74,62.0,0.86,0.35,0.83
39,Guatemala,2016,Latin America and Caribbean,6.324,9.95073,0.73626,66.0,0.82794,0.35145,0.17223
29,Guatemala,2017,Latin America and Caribbean,6.454,4.6612,0.77959,63.0,0.80716,0.33826,0.16632
30,Guatemala,2018,Latin America and Caribbean,6.3819,4.73802,0.4738,66.0,0.83412,0.29922,0.15453
27,Guatemala,2019,Latin America and Caribbean,6.4362,4.75186,0.78187,71.0,0.84722,0.30948,0.17194
29,Guatemala,2020,Latin America and Caribbean,6.3989,4.9055,0.75878,65.0,0.88443,0.29942,0.81552
30,Guatemala,2021,Latin America and Caribbean,6.4345,4.82532,0.67397,65.0,0.89069,0.30198,0.8087
39,Guatemala,2022,Latin America and Caribbean,6.2622,5.76466,0.62965,72.0,0.89476,0.23985,0.19561
43,Guatemala,2023,Latin America and Caribbean,6.1503,5.85171,0.73362,63.0,0.81813,0.25076,0.88184
42,Guatemala,2024,Latin America and Caribbean,6.287,5.88421,0.72309,69.0,0.85171,0.2628,0.13523
150,Guinea,2015,Sub-Saharan Africa,3.66,1.03,0.33,47.0,0.56,0.36,0.78
151,Guinea,2016,Sub-Saharan Africa,3.607,8.49819,0.26275,52.0,0.50869,0.36493,0.23595
149,Guinea,2017,Sub-Saharan Africa,3.507,1.30722,0.49128,53.0,0.52957,0.31598,0.23893
140,Guinea,2018,Sub-Saharan Africa,3.9641,2.08427,0.20843,58.0,0.54428,0.3104,0.20532
118,Guinea,2019,Sub-Saharan Africa,4.5344,2.25548,0.51041,65.0,0.52656,0.36503,0.1907
102,Guinea,2020,Sub-Saharan Africa,4.9493,2.538,0.48551,54.0,0.53641,0.43785,0.78955
102,Guinea,2021,Sub-Saharan Africa,4.9843,2.39946,0.33995,55.0,0.53616,0.46141,0.79789
109,Guinea,2022,Sub-Saharan Africa,4.8905,3.83884,0.42911,64.0,0.45107,0.45685,0.19699
91,Guinea,2023,Sub-Saharan Africa,5.0717,3.83773,0.47925,54.0,0.47791,0.483,0.81849
95,Guinea,2024,Sub-Saharan Africa,5.0233,3.88022,0.38454,62.0,0.60381,0.52419,0.18683
119,Haiti,2015,Latin America and Caribbean,4.52,1.58,0.53,53.0,0.36,0.58,0.69
136,Haiti,2016,Latin America and Caribbean,4.028,9.99461,0.24983,55.0,0.1984,0.58506,0.28653
145,Haiti,2017,Latin America and Caribbean,3.603,1.97037,0.39765,55.0,0.04614,0.58372,0.2151
148,Haiti,2018,Latin America and Caribbean,3.582,1.90865,0.19087,59.0,0.03429,0.65657,0.22664
147,Haiti,2019,Latin America and Caribbean,3.5969,1.91754,0.42393,66.0,0.04096,0.74139,0.24352
142,Haiti,2020,Latin America and Caribbean,3.7208,1.85292,0.41786,56.0,0.2442,0.81414,0.69627
143,Haiti,2021,Latin America and Caribbean,3.6149,1.67985,0.1478,56.0,0.35964,0.85533,0.7454
105,Honduras,2015,Latin America and Caribbean,4.79,3.52,0.68,64.0,0.6,0.29,0.88
104,Honduras,2016,Latin America and Caribbean,4.871,9.30923,0.63888,68.0,0.4397,0.24936,0.1367
91,Honduras,2017,Latin America and Caribbean,5.181,3.90521,0.71027,64.0,0.5288,0.28182,0.15797
72,Honduras,2018,Latin America and Caribbean,5.504,3.75752,0.37575,67.0,0.63304,0.32935,0.16102
59,Honduras,2019,Latin America and Caribbean,5.8604,3.81447,0.76135,73.0,0.8034,0.4342,0.17303
56,Honduras,2020,Latin America and Caribbean,5.9532,3.89649,0.76679,67.0,0.81952,0.4502,0.83718
59,Honduras,2021,Latin America and Caribbean,5.9192,4.01677,0.67134,67.0,0.80778,0.4449,0.84769
55,Honduras,2022,Latin America and Caribbean,6.0221,5.02979,0.6705,73.0,0.78665,0.43168,0.13034
53,Honduras,2023,Latin America and Caribbean,6.0225,5.06831,0.66162,64.0,0.79509,0.44756,0.88992
61,Honduras,2024,Latin America and Caribbean,5.9684,5.09547,0.64055,70.0,0.83384,0.43745,0.14046
72,Hong Kong,2015,East Asia,5.47,8.2,0.75,75.0,0.89,0.5,0.33
75,Hong Kong,2016,East Asia,5.458,9.86699,0.73543,82.0,0.79014,0.48916,0.62641
76,Hong Kong,2018,East Asia,5.4304,8.52041,0.85204,76.0,0.72358,0.41245,0.63775
76,Hong Kong,2019,East Asia,5.4304,8.53871,0.78625,78.0,0.69644,0.45539,0.63472
81,Hong Kong,2022,East Asia,5.4248,8.85912,0.72298,85.0,0.54097,0.31356,0.65224
85,Hong Kong,2024,East Asia,5.3164,8.91705,0.73273,81.0,0.56144,0.36619,0.69833
71,Hong Kong S.A.R. of China,2017,East Asia,5.472,8.29433,0.78406,75.0,0.74587,0.44682,0.63306
78,Hong Kong S.A.R. of China,2020,East Asia,5.5104,8.95925,0.80357,77.0,0.66259,0.50592,0.37639
77,Hong Kong S.A.R. of China,2021,East Asia,5.4767,8.7104,0.71719,77.0,0.56946,0.42846,0.37404
82,Hong Kong S.A.R. of China,2023,East Asia,5.3085,8.86926,0.74172,77.0,0.52727,0.29069,0.3046
104,Hungary,2015,Central and Eastern Europe,4.8,6.63,0.86,66.0,0.48,0.16,0.95
91,Hungary,2016,Western Europe,5.145,9.95659,0.78735,71.0,0.32491,0.12077,0.08852
75,Hungary,2017,Central and Eastern Europe,5.324,6.87425,0.83395,67.0,0.26717,0.09355,0.07891
69,Hungary,2018,Central and Eastern Europe,5.62,7.10126,0.71013,69.0,0.35751,0.1016,0.04871
62,Hungary,2019,Central and Eastern Europe,5.7583,7.13196,0.86823,73.0,0.31589,0.14246,0.04367
53,Hungary,2020,Central and Eastern Europe,6.0004,7.57679,0.91951,68.0,0.55736,0.12371,0.94833
53,Hungary,2021,Central and Eastern Europe,5.9916,7.42912,0.92415,68.0,0.63424,0.1229,0.92633
51,Hungary,2022,Central and Eastern Europe,6.0859,7.91093,0.93384,76.0,0.65489,0.16603,0.10886
51,Hungary,2023,Central and Eastern Europe,6.0412,7.97616,0.93778,68.0,0.64884,0.24833,0.88476
56,Hungary,2024,Central and Eastern Europe,6.0169,8.04511,0.94537,73.0,0.67289,0.30601,0.11669
2,Iceland,2015,Western Europe,7.56,7.7,1.0,73.0,0.94,0.55,0.74
3,Iceland,2016,Western Europe,7.501,9.88557,1.0,79.0,0.93058,0.58165,0.29641
3,Iceland,2017,Western Europe,7.504,7.91458,1.0,71.0,0.95277,0.56742,0.33066
4,Iceland,2018,Western Europe,7.4952,8.14589,0.81459,73.0,0.93378,0.59112,0.30203
4,Iceland,2019,Western Europe,7.4936,8.19529,1.0,77.0,0.93609,0.62627,0.26062
4,Iceland,2020,Western Europe,7.5045,8.63228,1.0,73.0,0.95487,0.63587,0.7289
4,Iceland,2021,Western Europe,7.5539,8.46586,1.0,73.0,0.97449,0.54046,0.6892
3,Iceland,2022,Western Europe,7.5575,8.76134,1.0,80.0,0.97048,0.57619,0.32583
3,Iceland,2023,Western Europe,7.5296,8.75364,1.0,72.0,0.95678,0.59219,0.66635
3,Iceland,2024,Western Europe,7.5251,8.78627,1.0,77.0,0.94808,0.64455,0.31728
117,India,2015,South Asia,4.57,3.82,0.27,57.0,0.59,0.33,0.85
118,India,2016,South Asia,4.404,9.99974,0.24718,62.0,0.66205,0.30533,0.17265
122,India,2017,South Asia,4.315,4.23474,0.46839,60.0,0.714,0.27627,0.19863
133,India,2018,South Asia,4.1898,4.37378,0.43738,64.0,0.74442,0.28815,0.20391
140,India,2019,South Asia,4.0152,4.4826,0.47112,68.0,0.78838,0.35259,0.18714
144,India,2020,South Asia,3.5733,4.75426,0.41627,60.0,0.83826,0.41605,0.80196
139,India,2021,South Asia,3.8189,4.23021,0.26976,61.0,0.86913,0.45496,0.80681
136,India,2022,South Asia,3.7771,5.28205,0.28451,70.0,0.87446,0.42292,0.21014
126,India,2023,South Asia,4.0358,5.27009,0.41625,61.0,0.88842,0.41497,0.80139
123,India,2024,South Asia,4.0541,5.44809,0.40375,68.0,0.88795,0.43393,0.21217
74,Indonesia,2015,Southeast Asia,5.4,4.9,0.78,62.0,0.7,0.65,1.0
79,Indonesia,2016,Southeast Asia,5.314,9.96273,0.74054,64.0,0.64483,0.68953,0.00638
81,Indonesia,2017,Southeast Asia,5.262,5.32156,0.7913,62.0,0.67349,0.72989,0.03299
96,Indonesia,2018,Southeast Asia,5.0926,5.45189,0.54519,64.0,0.74282,0.80999,0.03858
92,Indonesia,2019,Southeast Asia,5.1924,5.52577,0.74068,70.0,0.77722,0.88037,0.06293
84,Indonesia,2020,Southeast Asia,5.2856,5.80292,0.7462,62.0,0.81954,0.95232,0.9282
82,Indonesia,2021,Southeast Asia,5.3445,5.44669,0.67036,62.0,0.83471,1.0,0.91599
87,Indonesia,2022,Southeast Asia,5.2396,6.25498,0.66891,72.0,0.83815,1.0,0.08059
84,Indonesia,2023,Southeast Asia,5.2769,6.29103,0.72154,63.0,0.85978,1.0,0.93218
79,Indonesia,2024,Southeast Asia,5.5683,6.36058,0.7326,69.0,0.90283,0.99602,0.09513
110,Iran,2015,Middle East and North Africa,4.69,5.97,0.39,64.0,0.45,0.48,0.89
105,Iran,2016,Middle East and North Africa,4.813,9.94451,0.32839,70.0,0.37049,0.47014,0.11024
108,Iran,2017,Middle East and North Africa,4.692,6.18396,0.4418,66.0,0.37877,0.46206,0.10502
106,Iran,2018,Middle East and North Africa,4.7066,6.41904,0.6419,68.0,0.63405,0.47256,0.28289
117,Iran,2019,Middle East and North Africa,4.548,6.53147,0.51862,72.0,0.483,0.47686,0.27606
118,Iran,2020,Middle East and North Africa,4.6724,6.69837,0.57269,66.0,0.43446,0.48609,0.73244
118,Iran,2021,Middle East and North Africa,4.7212,5.88487,0.47556,66.0,0.38368,0.61061,0.7374
110,Iran,2022,Middle East and North Africa,4.8879,6.38063,0.56114,76.0,0.38018,0.51501,0.2495
101,Iran,2023,Middle East and North Africa,4.8763,6.65816,0.68031,67.0,0.3638,0.54376,0.76748
98,Iran,2024,Middle East and North Africa,4.9228,6.70486,0.70286,72.0,0.42336,0.58641,0.21464
112,Iraq,2015,Middle East and North Africa,4.68,5.83,0.58,60.0,0.0,0.23,0.75
112,Iraq,2016,Middle East and North Africa,4.575,9.95884,0.50035,65.0,0.40849,0.23897,0.2699
117,Iraq,2017,Middle East and North Africa,4.497,5.89443,0.60762,62.0,0.43837,0.23821,0.23092
117,Iraq,2018,Middle East and North Africa,4.4556,6.12391,0.61239,65.0,0.41918,0.24709,0.20703
126,Iraq,2019,Middle East and North Africa,4.4372,6.19404,0.60346,68.0,0.38121,0.26171,0.19635
110,Iraq,2020,Middle East and North Africa,4.7848,6.39054,0.65358,60.0,0.40906,0.26851,0.86277
111,Iraq,2021,Middle East and North Africa,4.8541,5.19779,0.54407,61.0,0.42152,0.28332,0.9252
107,Iraq,2022,Middle East and North Africa,4.9409,5.83318,0.51697,73.0,0.44382,0.31357,0.07829
98,Iraq,2023,Middle East and North Africa,4.9409,5.82354,0.58814,63.0,0.45558,0.31677,0.93253
90,Iraq,2024,Middle East and North Africa,5.166,5.83364,0.6161,70.0,0.49173,0.35251,0.08315
18,Ireland,2015,Western Europe,6.94,7.9,0.98,71.0,0.92,0.58,0.48
19,Ireland,2016,Western Europe,6.907,9.94988,0.98167,77.0,0.88759,0.54852,0.58894
15,Ireland,2017,Western Europe,6.977,8.20897,0.9675,71.0,0.87066,0.51053,0.64265
14,Ireland,2018,Western Europe,6.9771,8.77826,0.87783,72.0,0.84746,0.51293,0.66923
16,Ireland,2019,Western Europe,7.0211,8.90223,0.95665,76.0,0.81683,0.52711,0.68534
16,Ireland,2020,Western Europe,7.0937,9.41569,0.95026,72.0,0.84784,0.51846,0.29959
15,Ireland,2021,Western Europe,7.0853,9.39281,0.93137,72.0,0.84572,0.44033,0.32797
13,Ireland,2022,Western Europe,7.0408,9.63627,0.88309,80.0,0.84692,0.40537,0.69472
14,Ireland,2023,Western Europe,6.9108,9.78382,0.87965,71.0,0.84989,0.44031,0.27056
17,Ireland,2024,Western Europe,6.838,9.94539,0.85979,76.0,0.87756,0.51196,0.72707
11,Israel,2015,Middle East and North Africa,7.28,7.27,0.87,72.0,0.62,0.42,0.86
11,Israel,2016,Middle East and North Africa,7.267,9.95569,0.84121,78.0,0.59874,0.39389,0.17276
11,Israel,2017,Middle East and North Africa,7.213,7.35198,0.85453,72.0,0.61677,0.39386,0.18359
11,Israel,2018,Middle East and North Africa,7.19,7.54265,0.75427,73.0,0.64053,0.43921,0.17875
13,Israel,2019,Middle East and North Africa,7.1387,7.57582,0.89591,77.0,0.58706,0.46211,0.18141
14,Israel,2020,Middle East and North Africa,7.1286,7.9162,0.90675,73.0,0.60683,0.46833,0.81263
12,Israel,2021,Middle East and North Africa,7.1571,7.8612,0.916,74.0,0.7109,0.38427,0.78279
9,Israel,2022,Middle East and North Africa,7.3638,8.26439,0.92506,81.0,0.76704,0.3309,0.24303
4,Israel,2023,Middle East and North Africa,7.4729,8.3349,0.93888,73.0,0.73689,0.29427,0.71775
5,Israel,2024,Middle East and North Africa,7.3411,8.42288,0.93583,78.0,0.74301,0.38224,0.33528
50,Italy,2015,Western Europe,5.95,7.4,0.85,73.0,0.39,0.29,0.95
50,Italy,2016,Western Europe,5.977,9.95971,0.88034,78.0,0.3094,0.20353,0.05059
48,Italy,2017,Western Europe,5.964,7.4572,0.89715,72.0,0.3896,0.20617,0.06037
47,Italy,2018,Western Europe,6.0004,7.66585,0.76659,74.0,0.38789,0.2285,0.06226
36,Italy,2019,Western Europe,6.2234,7.68618,0.91647,77.0,0.3656,0.27917,0.06596
30,Italy,2020,Western Europe,6.3874,8.04591,0.87059,74.0,0.46346,0.29881,0.9247
28,Italy,2021,Western Europe,6.4831,7.95726,0.80209,74.0,0.52885,0.24578,0.91415
31,Italy,2022,Western Europe,6.4667,8.30189,0.79682,80.0,0.5574,0.18239,0.10098
33,Italy,2023,Western Europe,6.4045,8.32731,0.84254,72.0,0.56725,0.23004,0.88846
41,Italy,2024,Western Europe,6.3235,8.40988,0.82166,77.0,0.5942,0.27972,0.12791
151,Ivory Coast,2015,Sub-Saharan Africa,3.65,2.75,0.55,44.0,0.7,0.25,0.68
139,Ivory Coast,2016,Sub-Saharan Africa,3.916,9.97862,0.48659,46.0,0.66827,0.24811,0.30739
128,Ivory Coast,2017,Sub-Saharan Africa,4.18,3.22354,0.56177,49.0,0.68015,0.24012,0.28012
107,Ivory Coast,2018,Sub-Saharan Africa,4.6712,3.27954,0.32795,55.0,0.64394,0.24498,0.2253
99,Ivory Coast,2019,Sub-Saharan Africa,4.9438,3.38023,0.49734,62.0,0.55737,0.27201,0.19965
85,Ivory Coast,2020,Sub-Saharan Africa,5.2333,3.49517,0.51676,50.0,0.57282,0.29819,0.82464
85,Ivory Coast,2021,Sub-Saharan Africa,5.306,3.82295,0.34881,50.0,0.61136,0.32742,0.83103
88,Ivory Coast,2022,Sub-Saharan Africa,5.2346,4.95177,0.33518,66.0,0.60954,0.31823,0.2108
93,Ivory Coast,2023,Sub-Saharan Africa,5.0527,4.97236,0.36028,56.0,0.60544,0.32724,0.76597
94,Ivory Coast,2024,Sub-Saharan Africa,5.0801,5.04612,0.35733,64.0,0.63354,0.30062,0.28528
65,Jamaica,2015,Latin America and Caribbean,5.71,4.79,0.82,64.0,0.75,0.27,0.96
73,Jamaica,2016,Latin America and Caribbean,5.51,9.99455,0.81446,68.0,0.71649,0.27138,0.08499
76,Jamaica,2017,Latin America and Caribbean,5.311,4.9476,0.84952,66.0,0.72056,0.27899,0.11903
56,Jamaica,2018,Latin America and Caribbean,5.8898,4.96379,0.49638,68.0,0.79405,0.16111,0.06848
56,Jamaica,2019,Latin America and Caribbean,5.8898,4.93592,0.91008,73.0,0.77563,0.18897,0.06239
60,Jamaica,2020,Latin America and Caribbean,5.8898,5.06976,0.91,67.0,0.79785,0.20405,0.94345
37,Jamaica,2021,Latin America and Caribbean,6.3092,5.09031,0.79545,68.0,0.8631,0.18242,0.93593
63,Jamaica,2022,Latin America and Caribbean,5.8496,5.86501,0.79157,76.0,0.76602,0.17028,0.08977
68,Jamaica,2023,Latin America and Caribbean,5.7027,5.93143,0.82031,67.0,0.7602,0.1884,0.931
66,Jamaica,2024,Latin America and Caribbean,5.8417,5.98077,0.81892,72.0,0.74933,0.22265,0.0488
46,Japan,2015,East Asia,5.99,7.52,0.9,75.0,0.74,0.13,0.67
53,Japan,2016,East Asia,5.921,9.87032,0.89629,81.0,0.76848,0.12473,0.37579
51,Japan,2017,East Asia,5.92,7.57399,0.89182,74.0,0.76814,0.14387,0.3527
54,Japan,2018,East Asia,5.915,7.8482,0.78482,75.0,0.76331,0.13154,0.32754
58,Japan,2019,East Asia,5.8861,7.87667,0.87371,78.0,0.70489,0.12169,0.30974
62,Japan,2020,East Asia,5.8708,8.24327,0.86092,75.0,0.71468,0.06267,0.65969
56,Japan,2021,East Asia,5.9405,7.93438,0.80975,75.0,0.70362,0.03611,0.6484
54,Japan,2022,East Asia,6.0389,8.3032,0.82532,82.0,0.72502,0.01532,0.37182
47,Japan,2023,East Asia,6.129,8.29732,0.86211,74.0,0.72073,0.02207,0.63067
51,Japan,2024,East Asia,6.0598,8.34247,0.83783,79.0,0.73149,0.05678,0.38154
83,Jordan,2015,Middle East and North Africa,5.19,5.34,0.75,64.0,0.61,0.14,0.74
80,Jordan,2016,Middle East and North Africa,5.303,9.72954,0.72863,69.0,0.59201,0.17399,0.2632
74,Jordan,2017,Middle East and North Africa,5.336,5.29736,0.76935,65.0,0.63566,0.20544,0.25803
90,Jordan,2018,Middle East and North Africa,5.1607,4.98216,0.49822,67.0,0.64574,0.21729,0.29362
101,Jordan,2019,Middle East and North Africa,4.9057,4.97014,0.75424,73.0,0.60687,0.19416,0.28725
119,Jordan,2020,Middle East and North Africa,4.6334,5.10959,0.73672,67.0,0.61283,0.16057,0.71514
127,Jordan,2021,Middle East and North Africa,4.3946,5.08214,0.58467,67.0,0.63484,0.14627,0.72628
134,Jordan,2022,Middle East and North Africa,4.1521,5.99044,0.54861,77.0,0.64298,0.12369,0.34136
123,Jordan,2023,Middle East and North Africa,4.1198,5.87563,0.60493,68.0,0.67007,0.13287,0.69107
122,Jordan,2024,Middle East and North Africa,4.1858,5.89711,0.60807,73.0,0.68713,0.14801,0.32942
54,Kazakhstan,2015,Commonwealth of Independent States,5.86,6.64,0.8,62.0,0.77,0.15,0.85
54,Kazakhstan,2016,Commonwealth of Independent States,5.919,9.97172,0.80746,67.0,0.66592,0.18313,0.22034
60,Kazakhstan,2017,Commonwealth of Independent States,5.819,6.86647,0.85955,65.0,0.66457,0.24099,0.2569
60,Kazakhstan,2018,Commonwealth of Independent States,5.7901,6.92895,0.6929,67.0,0.62611,0.24699,0.26414
60,Kazakhstan,2019,Commonwealth of Independent States,5.8088,6.96798,0.9286,71.0,0.64928,0.25759,0.21276
50,Kazakhstan,2020,Commonwealth of Independent States,6.0579,7.30534,0.93907,65.0,0.71752,0.26976,0.79281
45,Kazakhstan,2021,Commonwealth of Independent States,6.1518,7.0231,0.94075,65.0,0.80011,0.2636,0.75943
40,Kazakhstan,2022,Commonwealth of Independent States,6.2341,7.54949,0.92443,75.0,0.78852,0.28593,0.26778
44,Kazakhstan,2023,Commonwealth of Independent States,6.1439,7.56428,0.92033,66.0,0.81342,0.32303,0.73482
49,Kazakhstan,2024,Commonwealth of Independent States,6.1875,7.57991,0.9011,72.0,0.84855,0.3719,0.20823
125,Kenya,2015,Sub-Saharan Africa,4.42,2.16,0.71,54.0,0.63,0.47,0.89
122,Kenya,2016,Sub-Saharan Africa,4.356,9.94645,0.64432,56.0,0.66683,0.50418,0.13234
112,Kenya,2017,Sub-Saharan Africa,4.553,2.99599,0.66309,56.0,0.68783,0.53081,0.13922
124,Kenya,2018,Sub-Saharan Africa,4.4097,2.98993,0.29899,63.0,0.69526,0.58984,0.12066
121,Kenya,2019,Sub-Saharan Africa,4.5086,3.03814,0.60546,68.0,0.68221,0.65814,0.11817
121,Kenya,2020,Sub-Saharan Africa,4.583,3.10029,0.58484,60.0,0.74889,0.69128,0.87396
121,Kenya,2021,Sub-Saharan Africa,4.6066,3.44317,0.43331,61.0,0.67438,0.69304,0.86716
119,Kenya,2022,Sub-Saharan Africa,4.543,4.66892,0.45842,68.0,0.59452,0.68762,0.13999
111,Kenya,2023,Sub-Saharan Africa,4.4866,4.77976,0.54377,58.0,0.54151,0.69036,0.90208
111,Kenya,2024,Sub-Saharan Africa,4.4696,4.84339,0.55387,66.0,0.60069,0.70235,0.11927
69,Kosovo,2015,Central and Eastern Europe,5.59,4.74,0.58,62.0,0.37,0.36,0.91
77,Kosovo,2016,Central and Eastern Europe,5.401,9.58862,0.55831,66.0,0.23659,0.34149,0.12959
78,Kosovo,2017,Central and Eastern Europe,5.279,5.08607,0.70649,63.0,0.39542,0.38175,0.12378
66,Kosovo,2018,Central and Eastern Europe,5.6621,5.1836,0.51836,66.0,0.61861,0.45827,0.05025
46,Kosovo,2019,Central and Eastern Europe,6.1,5.23937,0.75906,72.0,0.7754,0.46305,0.01424
35,Kosovo,2020,Central and Eastern Europe,6.3252,5.46948,0.76505,64.0,0.80384,0.57087,0.98395
33,Kosovo,2021,Central and Eastern Europe,6.372,5.35379,0.68871,64.0,0.82807,0.65755,0.97451
32,Kosovo,2022,Central and Eastern Europe,6.4551,6.16511,0.71924,73.0,0.80922,0.66076,0.05966
34,Kosovo,2023,Central and Eastern Europe,6.3676,6.24855,0.78362,65.0,0.82763,0.65294,0.91958
29,Kosovo,2024,Central and Eastern Europe,6.561,6.37339,0.78985,73.0,0.85638,0.63328,0.1263
39,Kuwait,2015,Middle East and North Africa,6.3,9.19,0.83,65.0,0.83,0.2,0.54
41,Kuwait,2016,Middle East and North Africa,6.239,9.78917,0.74167,70.0,0.70941,0.19477,0.4685
39,Kuwait,2017,Middle East and North Africa,6.105,8.72879,0.78214,66.0,0.75403,0.2724,0.4634
45,Kuwait,2018,Middle East and North Africa,6.0834,8.93673,0.89367,68.0,0.76508,0.28009,0.23236
51,Kuwait,2019,Middle East and North Africa,6.0207,8.90841,0.8123,73.0,0.78065,0.25036,0.21516
48,Kuwait,2020,Middle East and North Africa,6.1021,9.27218,0.80435,67.0,0.82257,0.23297,0.7884
47,Kuwait,2021,Middle East and North Africa,6.1061,8.34399,0.73065,67.0,0.82487,0.22176,0.76311
50,Kuwait,2022,Middle East and North Africa,6.1061,8.61713,0.74496,79.0,0.83419,0.18583,0.24989
13,Kuwait,2024,Middle East and North Africa,6.9514,8.61974,0.84357,75.0,0.95743,0.49779,0.29849
77,Kyrgyzstan,2015,Commonwealth of Independent States,5.29,2.81,0.82,62.0,0.65,0.38,0.92
85,Kyrgyzstan,2016,Commonwealth of Independent States,5.185,9.60064,0.80653,67.0,0.66086,0.46884,0.09426
98,Kyrgyzstan,2017,Commonwealth of Independent States,5.004,3.18704,0.86568,63.0,0.69114,0.51139,0.08494
92,Kyrgyzstan,2018,Commonwealth of Independent States,5.1308,3.21183,0.32118,66.0,0.74521,0.46971,0.07567
86,Kyrgyzstan,2019,Commonwealth of Independent States,5.2607,3.26924,0.88558,71.0,0.80438,0.53031,0.05025
74,Kyrgyzstan,2020,Commonwealth of Independent States,5.5415,3.33955,0.86654,64.0,0.88655,0.52889,0.94286
67,Kyrgyzstan,2021,Commonwealth of Independent States,5.7436,3.79776,0.82789,64.0,0.9395,0.49109,0.96314
64,Kyrgyzstan,2022,Commonwealth of Independent States,5.8285,4.83649,0.84056,75.0,0.93652,0.44485,0.04223
62,Kyrgyzstan,2023,Commonwealth of Independent States,5.8253,4.82472,0.88867,67.0,0.95323,0.55447,0.96769
74,Kyrgyzstan,2024,Commonwealth of Independent States,5.7135,4.92532,0.91364,73.0,0.96634,0.56189,0.05191
99,Laos,2015,Southeast Asia,4.88,3.49,0.53,59.0,0.89,0.53,0.56
102,Laos,2016,Southeast Asia,4.876,9.86262,0.46456,60.0,0.85734,0.52554,0.44383
110,Laos,2018,East Asia,4.6231,4.36469,0.43647,63.0,0.86436,0.38437,0.38006
105,Laos,2019,Sub-Saharan Africa,4.7963,4.5378,0.63459,68.0,0.86703,0.47048,0.36288
104,Laos,2020,East Asia,4.8886,4.65091,0.63803,59.0,0.88281,0.47852,0.63562
100,Laos,2021,East Asia,5.03,4.61369,0.51001,59.0,0.89789,0.49571,0.67209
95,Laos,2022,East Asia,5.1403,5.60693,0.49568,71.0,0.9176,0.42001,0.31355
89,Laos,2023,East Asia,5.1107,5.60176,0.52653,61.0,0.9266,0.43946,0.71063
92,Laos,2024,East Asia,5.1389,5.64568,0.52353,68.0,0.92255,0.42301,0.28958
89,Latvia,2015,Central and Eastern Europe,5.1,6.58,0.78,65.0,0.44,0.23,0.89
68,Latvia,2016,Western Europe,5.56,9.88524,0.80308,70.0,0.46009,0.21282,0.17596
54,Latvia,2017,Western Europe,5.85,6.73921,0.87218,66.0,0.49481,0.18265,0.15904
53,Latvia,2018,Western Europe,5.9331,6.96159,0.69616,68.0,0.50098,0.15337,0.14516
53,Latvia,2019,Western Europe,5.9397,7.04728,0.90211,73.0,0.41886,0.13241,0.14108
57,Latvia,2020,Western Europe,5.95,7.42769,0.91395,67.0,0.47485,0.13234,0.83046
51,Latvia,2021,Western Europe,6.032,7.3424,0.89346,67.0,0.56563,0.15203,0.83724
42,Latvia,2022,Western Europe,6.1804,7.83741,0.92495,75.0,0.67845,0.16089,0.1542
41,Latvia,2023,Western Europe,6.2127,7.89731,0.92919,66.0,0.75197,0.2529,0.87377
46,Latvia,2024,Western Europe,6.2345,7.94337,0.93316,72.0,0.77177,0.31732,0.13639
103,Lebanon,2015,Middle East and North Africa,4.84,6.07,0.57,69.0,0.51,0.27,0.92
93,Lebanon,2016,Middle East and North Africa,5.129,9.98855,0.54243,75.0,0.43104,0.28904,0.06058
88,Lebanon,2017,Middle East and North Africa,5.225,5.74624,0.70138,69.0,0.43831,0.31555,0.0808
88,Lebanon,2018,Middle East and North Africa,5.1989,5.84904,0.5849,70.0,0.40257,0.31214,0.07353
91,Lebanon,2019,Middle East and North Africa,5.1973,5.86005,0.75397,73.0,0.34181,0.2935,0.06047
111,Lebanon,2020,Middle East and North Africa,4.7715,5.78673,0.77056,67.0,0.2676,0.2782,0.95964
123,Lebanon,2021,Middle East and North Africa,4.5838,5.96729,0.74031,67.0,0.24384,0.25875,0.95192
145,Lebanon,2022,Middle East and North Africa,2.9553,6.30068,0.3773,75.0,0.13891,0.17565,0.05753
136,Lebanon,2023,Middle East and North Africa,2.3922,6.44189,0.29385,66.0,0.15913,0.14429,0.95149
139,Lebanon,2024,Middle East and North Africa,2.7065,6.43174,0.35676,72.0,0.20065,0.16876,0.05003
97,Lesotho,2015,Sub-Saharan Africa,4.9,2.22,0.74,41.0,0.47,0.21,0.77
139,Lesotho,2017,Sub-Saharan Africa,3.808,2.78507,0.73893,47.0,0.59349,0.18793,0.2565
141,Lesotho,2018,Sub-Saharan Africa,3.8082,2.86516,0.28652,55.0,0.58379,0.19347,0.24401
144,Lesotho,2019,Sub-Saharan Africa,3.8019,2.90331,0.71999,61.0,0.56815,0.18977,0.20603
143,Lesotho,2020,Sub-Saharan Africa,3.6528,2.96054,0.70365,48.0,0.59049,0.18011,0.90531
145,Lesotho,2021,Sub-Saharan Africa,3.5118,2.57512,0.6232,49.0,0.56631,0.18997,0.97205
141,Lesotho,2022,Sub-Saharan Africa,3.5118,3.79591,0.64243,56.0,0.56585,0.16256,0.03136
138,Lesotho,2024,Sub-Saharan Africa,3.1862,3.60103,0.52618,55.0,0.60601,0.2048,0.14774
116,Liberia,2015,Sub-Saharan Africa,4.57,0.42,0.56,51.0,0.43,0.31,0.89
150,Liberia,2016,Sub-Saharan Africa,3.622,7.64019,0.42554,54.0,0.42316,0.29355,0.09604
148,Liberia,2017,Sub-Saharan Africa,3.533,0.63633,0.5415,54.0,0.50571,0.31805,0.08388
149,Liberia,2018,Sub-Saharan Africa,3.4954,0.45922,0.04592,59.0,0.57819,0.34407,0.0657
141,Liberia,2019,Sub-Saharan Africa,3.9753,0.43301,0.5678,66.0,0.58567,0.4121,0.07262
124,Liberia,2020,Sub-Saharan Africa,4.5579,1.13298,0.59496,56.0,0.58555,0.39832,0.90408
120,Liberia,2021,Sub-Saharan Africa,4.6252,1.30184,0.49489,56.0,0.60083,0.40784,0.89568
97,Liberia,2022,Sub-Saharan Africa,5.1215,2.87687,0.50761,65.0,0.54778,0.38012,0.13557
125,Liberia,2023,Sub-Saharan Africa,4.0423,2.85336,0.39776,57.0,0.60994,0.52007,0.87351
118,Liberia,2024,Sub-Saharan Africa,4.2686,2.89078,0.41648,64.0,0.63225,0.44368,0.12954
63,Libya,2015,Middle East and North Africa,5.75,6.69,0.8,64.0,0.62,0.23,0.8
67,Libya,2016,Middle East and North Africa,5.615,9.97807,0.80351,65.0,0.66842,0.20845,0.20465
68,Libya,2017,Middle East and North Africa,5.525,5.88958,0.84291,62.0,0.70753,0.18146,0.19946
70,Libya,2018,Middle East and North Africa,5.5657,5.97401,0.5974,65.0,0.68453,0.19333,0.32432
72,Libya,2019,Middle East and North Africa,5.5253,6.19944,0.80267,70.0,0.6592,0.23451,0.3355
80,Libya,2020,Middle East and North Africa,5.4888,6.65016,0.77301,62.0,0.65105,0.25053,0.67691
80,Libya,2021,Middle East and North Africa,5.4103,5.96054,0.70026,62.0,0.66168,0.24287,0.6819
86,Libya,2022,Middle East and North Africa,5.3302,6.67955,0.71413,74.0,0.64394,0.22644,0.30577
65,Libya,2024,Middle East and North Africa,5.8663,7.12751,0.68047,72.0,0.68538,0.27718,0.35397
56,Lithuania,2015,Central and Eastern Europe,5.83,6.79,0.9,65.0,0.32,0.03,0.98
60,Lithuania,2016,Western Europe,5.813,9.9342,0.8993,70.0,0.31108,0.0247,0.03602
52,Lithuania,2017,Western Europe,5.902,7.02697,0.9149,65.0,0.35584,0.01213,0.02556
50,Lithuania,2018,Western Europe,5.9519,7.25776,0.72578,69.0,0.48291,0.04378,0.01391
42,Lithuania,2019,Western Europe,6.149,7.35239,0.93325,73.0,0.46163,0.07536,0.09236
41,Lithuania,2020,Western Europe,6.2155,7.76715,0.92588,67.0,0.60649,0.09423,0.84742
38,Lithuania,2021,Western Europe,6.2554,7.70947,0.90851,68.0,0.66529,0.10301,0.86737
34,Lithuania,2022,Western Europe,6.4456,8.16481,0.91192,76.0,0.66978,0.11378,0.13111
20,Lithuania,2023,Western Europe,6.763,8.21935,0.93265,67.0,0.63165,0.13882,0.84163
19,Lithuania,2024,Western Europe,6.8175,8.24885,0.8992,73.0,0.61701,0.10937,0.20143
17,Luxembourg,2015,Western Europe,6.95,9.25,0.87,72.0,0.92,0.35,0.32
20,Luxembourg,2016,Western Europe,6.871,9.15144,0.87892,78.0,0.90176,0.33635,0.6993
18,Luxembourg,2017,Western Europe,6.863,9.31139,0.90501,72.0,0.90639,0.33789,0.68669
17,Luxembourg,2018,Western Europe,6.9099,9.55748,0.95575,73.0,0.87238,0.32808,0.70243
14,Luxembourg,2019,Western Europe,7.0903,9.55268,0.91079,76.0,0.83353,0.34339,0.69738
10,Luxembourg,2020,Western Europe,7.2375,10.0,0.89659,73.0,0.88009,0.34389,0.31158
8,Luxembourg,2021,Western Europe,7.3244,10.0,0.85558,73.0,0.89301,0.30684,0.3551
6,Luxembourg,2022,Western Europe,7.404,10.0,0.8747,80.0,0.94553,0.25688,0.66139
9,Luxembourg,2023,Western Europe,7.2279,10.0,0.83775,72.0,0.91985,0.35413,0.25399
8,Luxembourg,2024,Western Europe,7.1219,10.0,0.83799,77.0,0.92805,0.36347,0.75188
93,Macedonia,2015,Central and Eastern Europe,5.01,5.43,0.71,65.0,0.5,0.28,0.9
95,Macedonia,2016,Western Europe,5.121,9.94196,0.66119,70.0,0.45471,0.28677,0.13949
92,Macedonia,2017,Central and Eastern Europe,5.175,5.6906,0.74998,66.0,0.49511,0.30279,0.12982
89,Macedonia,2018,Central and Eastern Europe,5.1848,5.81755,0.58176,68.0,0.54451,0.28988,0.1148
84,Macedonia,2019,Central and Eastern Europe,5.2736,5.83769,0.79692,73.0,0.5463,0.32656,0.07501
90,Macedonia,2020,Central and Eastern Europe,5.1598,6.08698,0.76454,68.0,0.59172,0.32618,0.95387
147,Madagascar,2015,Sub-Saharan Africa,3.68,1.23,0.48,56.0,0.29,0.27,0.85
148,Madagascar,2016,Sub-Saharan Africa,3.695,9.92691,0.38973,59.0,0.22488,0.26887,0.14857
144,Madagascar,2017,Sub-Saharan Africa,3.644,1.63467,0.56689,58.0,0.28742,0.24906,0.1448
143,Madagascar,2018,Sub-Saharan Africa,3.7736,1.59086,0.15909,62.0,0.30514,0.25867,0.10621
143,Madagascar,2019,Sub-Saharan Africa,3.9327,1.62744,0.56423,68.0,0.23413,0.29867,0.08949
137,Madagascar,2020,Sub-Saharan Africa,4.1656,1.59144,0.53225,59.0,0.27834,0.33553,0.85699
135,Madagascar,2021,Sub-Saharan Africa,4.2085,1.51864,0.42883,59.0,0.28964,0.3411,0.84115
128,Madagascar,2022,Sub-Saharan Africa,4.3391,3.03401,0.48834,68.0,0.27303,0.30553,0.26161
127,Madagascar,2023,Sub-Saharan Africa,4.0191,2.8753,0.48122,58.0,0.24191,0.41966,0.76083
120,Madagascar,2024,Sub-Saharan Africa,4.2279,2.93343,0.50942,65.0,0.29013,0.4302,0.21427
131,Malawi,2015,Sub-Saharan Africa,4.29,0.09,0.29,47.0,0.64,0.42,0.87
132,Malawi,2016,Sub-Saharan Africa,4.156,7.72189,0.12423,56.0,0.68088,0.37779,0.14971
136,Malawi,2017,Sub-Saharan Africa,3.97,1.24784,0.31825,56.0,0.70933,0.34265,0.1566
147,Malawi,2018,Sub-Saharan Africa,3.5868,1.12839,0.11284,60.0,0.73231,0.35196,0.17561
150,Malawi,2019,Sub-Saharan Africa,3.4098,1.13398,0.34499,67.0,0.70246,0.38545,0.19701
145,Malawi,2020,Sub-Saharan Africa,3.538,1.14881,0.34271,58.0,0.70303,0.37413,0.75311
144,Malawi,2021,Sub-Saharan Africa,3.6,0.64296,0.14298,58.0,0.67635,0.39358,0.75475
138,Malawi,2022,Sub-Saharan Africa,3.7504,2.93212,0.2116,68.0,0.64448,0.29961,0.26761
131,Malawi,2023,Sub-Saharan Africa,3.4952,2.89375,0.29547,58.0,0.63542,0.33026,0.76993
133,Malawi,2024,Sub-Saharan Africa,3.421,2.88206,0.25386,66.0,0.66127,0.33636,0.23615
61,Malaysia,2015,Southeast Asia,5.77,6.65,0.76,65.0,0.79,0.42,0.81
47,Malaysia,2016,Southeast Asia,6.005,9.8289,0.74392,69.0,0.64144,0.50595,0.17975
42,Malaysia,2017,Southeast Asia,6.084,6.90207,0.79763,65.0,0.61111,0.4971,0.14129
35,Malaysia,2018,Southeast Asia,6.3221,7.04231,0.70423,68.0,0.4916,0.52117,0.12945
80,Malaysia,2019,Southeast Asia,5.3388,7.24775,0.72134,73.0,0.80502,0.45962,0.05367
82,Malaysia,2020,Southeast Asia,5.3843,7.60356,0.75861,67.0,0.86105,0.48241,0.88341
81,Malaysia,2021,Southeast Asia,5.3843,7.1895,0.68016,67.0,0.87168,0.49831,0.88332
70,Malaysia,2022,Southeast Asia,5.7113,7.64581,0.71039,75.0,0.88411,0.45554,0.21412
55,Malaysia,2023,Southeast Asia,6.0123,7.5692,0.71315,66.0,0.85394,0.52677,0.78209
59,Malaysia,2024,Southeast Asia,5.9752,7.68912,0.70737,71.0,0.95971,0.56377,0.207
87,Maldives,2020,Southeast Asia,5.1976,6.1032,0.90612,71.0,0.79075,0.39346,0.86513
89,Maldives,2021,East Asia,5.1976,6.36701,0.8659,71.0,0.80256,0.37622,0.86623
138,Mali,2015,Sub-Saharan Africa,3.99,1.54,0.74,46.0,0.58,0.24,0.78
135,Mali,2016,Sub-Saharan Africa,4.073,9.73172,0.72962,51.0,0.45267,0.25697,0.27012
127,Mali,2017,Sub-Saharan Africa,4.19,2.54538,0.79566,52.0,0.4658,0.21878,0.22608
118,Mali,2018,Sub-Saharan Africa,4.447,2.24252,0.22425,56.0,0.50698,0.23319,0.12232
128,Mali,2019,Sub-Saharan Africa,4.3904,2.28528,0.68039,63.0,0.51852,0.27052,0.11474
114,Mali,2020,Sub-Saharan Africa,4.7293,2.29367,0.62882,52.0,0.54457,0.29776,0.88344
117,Mali,2021,Sub-Saharan Africa,4.7235,2.21162,0.50325,52.0,0.53624,0.30388,0.86888
123,Mali,2022,Sub-Saharan Africa,4.479,3.58285,0.36603,65.0,0.47266,0.27444,0.07204
120,Mali,2023,Sub-Saharan Africa,4.1978,3.47035,0.39324,55.0,0.57125,0.28774,0.89391
119,Mali,2024,Sub-Saharan Africa,4.232,3.49171,0.42555,63.0,0.67842,0.30029,0.1558
37,Malta,2015,Western Europe,6.3,7.14,0.93,71.0,0.9,0.65,0.75
30,Malta,2016,Western Europe,6.488,9.98752,0.92861,76.0,0.90379,0.68605,0.34747
27,Malta,2017,Western Europe,6.527,7.18037,0.92415,71.0,0.89444,0.68577,0.32967
22,Malta,2018,Western Europe,6.6266,7.7026,0.77026,72.0,0.89076,0.62889,0.31128
22,Malta,2019,Western Europe,6.7256,7.71893,0.93597,76.0,0.89394,0.66334,0.33295
22,Malta,2020,Western Europe,6.7728,8.1508,0.9324,72.0,0.91341,0.59876,0.66452
23,Malta,2021,Western Europe,6.602,8.05856,0.90005,72.0,0.92705,0.50717,0.66601
33,Malta,2022,Western Europe,6.4469,8.32028,0.88561,80.0,0.91775,0.37249,0.28261
37,Malta,2023,Western Europe,6.2999,8.37103,0.90665,72.0,0.86931,0.47551,0.74428
40,Malta,2024,Western Europe,6.3458,8.535,0.89302,77.0,0.8421,0.62382,0.21683
124,Mauritania,2015,Sub-Saharan Africa,4.44,2.69,0.62,52.0,0.36,0.28,0.68
130,Mauritania,2016,Sub-Saharan Africa,4.201,9.67499,0.7111,56.0,0.20839,0.27676,0.3554
123,Mauritania,2017,Middle East and North Africa,4.292,3.46627,0.7898,56.0,0.14599,0.24087,0.29497
126,Mauritania,2018,Middle East and North Africa,4.3555,3.37786,0.33779,59.0,0.17742,0.22454,0.20422
122,Mauritania,2019,Middle East and North Africa,4.4903,3.38244,0.71889,67.0,0.1042,0.1866,0.19474
129,Mauritania,2020,Middle East and North Africa,4.3746,3.51203,0.7194,57.0,0.26788,0.22621,0.77069
134,Mauritania,2021,Middle East and North Africa,4.2274,3.80442,0.63873,57.0,0.30503,0.21905,0.7569
133,Mauritania,2022,Middle East and North Africa,4.1526,4.97958,0.65526,70.0,0.4107,0.18884,0.23596
103,Mauritania,2023,Middle East and North Africa,4.7239,4.99605,0.47186,60.0,0.41495,0.30735,0.65291
108,Mauritania,2024,Middle East and North Africa,4.5051,5.03457,0.43589,67.0,0.39683,0.33064,0.34511
71,Mauritius,2015,Sub-Saharan Africa,5.48,5.96,0.7,64.0,0.84,0.47,0.86
66,Mauritius,2016,Sub-Saharan Africa,5.648,9.91893,0.63972,71.0,0.75836,0.45078,0.10299
64,Mauritius,2017,Sub-Saharan Africa,5.629,6.3578,0.75101,66.0,0.74629,0.43067,0.09085
55,Mauritius,2018,Sub-Saharan Africa,5.8915,6.6107,0.66107,68.0,0.80596,0.41003,0.10917
57,Mauritius,2019,Sub-Saharan Africa,5.8882,6.64941,0.86328,72.0,0.78911,0.38051,0.1315
49,Mauritius,2020,Sub-Saharan Africa,6.1013,6.98692,0.90185,66.0,0.85225,0.32799,0.84228
50,Mauritius,2021,Sub-Saharan Africa,6.049,6.73044,0.84964,67.0,0.82459,0.28208,0.82469
52,Mauritius,2022,Sub-Saharan Africa,6.0711,7.20156,0.84581,73.0,0.79651,0.27965,0.18227
59,Mauritius,2023,Sub-Saharan Africa,5.9023,7.22373,0.85309,64.0,0.74392,0.28772,0.80308
69,Mauritius,2024,Sub-Saharan Africa,5.8164,7.33663,0.83994,70.0,0.74224,0.30632,0.20477
14,Mexico,2015,Latin America and Caribbean,7.19,6.04,0.65,68.0,0.72,0.18,0.61
21,Mexico,2016,Latin America and Caribbean,6.778,9.97271,0.60393,73.0,0.61972,0.14317,0.36331
25,Mexico,2017,Latin America and Caribbean,6.578,6.16423,0.75182,68.0,0.62701,0.14437,0.28596
24,Mexico,2018,Latin America and Caribbean,6.4882,6.29594,0.62959,70.0,0.66142,0.11494,0.20724
23,Mexico,2019,Latin America and Caribbean,6.5945,6.35232,0.81488,74.0,0.68613,0.12998,0.16061
24,Mexico,2020,Latin America and Caribbean,6.465,6.66626,0.79243,68.0,0.79896,0.14583,0.84407
36,Mexico,2021,Latin America and Caribbean,6.3168,6.43272,0.70778,69.0,0.81706,0.17035,0.83641
46,Mexico,2022,Latin America and Caribbean,6.1276,7.0224,0.67101,75.0,0.83965,0.19635,0.19636
36,Mexico,2023,Latin America and Caribbean,6.3295,7.04829,0.72157,66.0,0.81857,0.20456,0.79471
25,Mexico,2024,Latin America and Caribbean,6.678,7.10455,0.76782,72.0,0.83642,0.21428,0.22021
52,Moldova,2015,Commonwealth of Independent States,5.89,3.52,0.72,61.0,0.49,0.26,0.97
55,Moldova,2016,Western Europe,5.897,9.96358,0.70257,65.0,0.41419,0.24396,0.03767
56,Moldova,2017,Central and Eastern Europe,5.838,3.89611,0.77725,64.0,0.36571,0.24912,0.02173
67,Moldova,2018,Central and Eastern Europe,5.6397,3.98173,0.39817,67.0,0.32046,0.28607,0.00071
71,Moldova,2019,Central and Eastern Europe,5.5285,4.06975,0.8179,71.0,0.38855,0.31909,0.0
70,Moldova,2020,Central and Eastern Europe,5.6075,4.60681,0.79952,65.0,0.56193,0.30545,0.97303
65,Moldova,2021,Central and Eastern Europe,5.7664,5.62459,0.75754,66.0,0.74839,0.25247,0.97536
62,Moldova,2022,Central and Eastern Europe,5.8568,6.41518,0.76404,74.0,0.75835,0.21864,0.04855
63,Moldova,2023,Central and Eastern Europe,5.8192,6.47629,0.80365,65.0,0.7901,0.22171,0.96394
70,Moldova,2024,Central and Eastern Europe,5.8159,6.4721,0.79008,72.0,0.80485,0.19303,0.07735
100,Mongolia,2015,East Asia,4.87,4.9,0.93,60.0,0.65,0.42,0.95
101,Mongolia,2016,East Asia,4.907,9.90815,0.92104,67.0,0.59117,0.42135,0.06502
100,Mongolia,2017,East Asia,4.955,5.49099,0.92701,63.0,0.59878,0.40386,0.07086
94,Mongolia,2018,East Asia,5.1246,5.54363,0.55436,66.0,0.5454,0.42312,0.0694
83,Mongolia,2019,East Asia,5.2854,5.62809,0.94271,70.0,0.50144,0.41571,0.08387
81,Mongolia,2020,East Asia,5.4562,5.88851,0.94273,62.0,0.51308,0.46311,0.91272
70,Mongolia,2021,East Asia,5.6772,5.51731,0.9082,63.0,0.55385,0.48652,0.90335
68,Mongolia,2022,East Asia,5.7607,6.30479,0.90722,70.0,0.53758,0.52816,0.10095
61,Mongolia,2023,East Asia,5.8402,6.27027,0.92248,60.0,0.55112,0.56607,0.89736
76,Mongolia,2024,East Asia,5.6962,6.31951,0.9345,67.0,0.58008,0.59072,0.0961
82,Montenegro,2015,Central and Eastern Europe,5.19,5.76,0.65,65.0,0.27,0.2,0.74
88,Montenegro,2016,Western Europe,5.161,9.97972,0.62685,70.0,0.24833,0.20972,0.2518
83,Montenegro,2017,Central and Eastern Europe,5.237,5.99289,0.7689,67.0,0.29622,0.23615,0.1899
81,Montenegro,2018,Central and Eastern Europe,5.3475,6.16886,0.61689,69.0,0.35787,0.18644,0.17823
73,Montenegro,2019,Central and Eastern Europe,5.5229,6.23809,0.83806,74.0,0.31198,0.25141,0.17662
72,Montenegro,2020,Central and Eastern Europe,5.5461,6.5736,0.81784,69.0,0.43738,0.26151,0.81537
72,Montenegro,2021,Central and Eastern Europe,5.5805,6.59448,0.76034,69.0,0.55432,0.30606,0.85181
75,Montenegro,2022,Central and Eastern Europe,5.5468,7.1212,0.77533,76.0,0.6219,0.28808,0.13123
67,Montenegro,2023,Central and Eastern Europe,5.7222,6.98795,0.85507,67.0,0.73022,0.40445,0.89189
75,Montenegro,2024,Central and Eastern Europe,5.707,7.33711,0.81532,73.0,0.73173,0.27553,0.22978
92,Morocco,2015,Middle East and North Africa,5.01,4.35,0.46,61.0,0.62,0.09,0.85
90,Morocco,2016,Middle East and North Africa,5.151,9.90293,0.32618,68.0,0.42148,0.04944,0.16635
84,Morocco,2017,Middle East and North Africa,5.235,4.69388,0.48111,65.0,0.62007,0.03843,0.18902
85,Morocco,2018,Middle East and North Africa,5.2537,4.72266,0.47227,68.0,0.6351,0.04417,0.1625
89,Morocco,2019,Middle East and North Africa,5.2081,4.75742,0.48163,72.0,0.66156,0.06292,0.16807
97,Morocco,2020,Middle East and North Africa,5.0948,4.93677,0.41692,66.0,0.64918,0.07026,0.85486
106,Morocco,2021,Middle East and North Africa,4.918,4.52474,0.18719,66.0,0.66589,0.06321,0.83919
100,Morocco,2022,Middle East and North Africa,5.0599,5.46755,0.20288,73.0,0.66525,0.0431,0.17332
100,Morocco,2023,Middle East and North Africa,4.9028,5.61914,0.33027,64.0,0.69966,0.0299,0.84896
104,Morocco,2024,Middle East and North Africa,4.7947,5.66892,0.2914,70.0,0.73101,0.10503,0.14227
94,Mozambique,2015,Sub-Saharan Africa,4.97,0.49,0.73,42.0,0.51,0.28,0.72
113,Mozambique,2017,Sub-Saharan Africa,4.55,1.25246,0.54062,50.0,0.73041,0.38449,0.38646
123,Mozambique,2018,Sub-Saharan Africa,4.4166,1.20071,0.12007,57.0,0.73276,0.34411,0.34628
123,Mozambique,2019,Sub-Saharan Africa,4.4662,1.20922,0.60707,65.0,0.78218,0.34878,0.30432
120,Mozambique,2020,Sub-Saharan Africa,4.6236,1.16317,0.61723,54.0,0.80888,0.38683,0.69416
115,Mozambique,2021,Sub-Saharan Africa,4.7945,1.04394,0.54046,55.0,0.84989,0.42057,0.70266
101,Mozambique,2022,Sub-Saharan Africa,5.0483,2.6174,0.49979,62.0,0.8013,0.39563,0.34028
97,Mozambique,2023,Sub-Saharan Africa,4.954,2.59175,0.5466,52.0,0.81038,0.38307,0.65691
88,Mozambique,2024,Sub-Saharan Africa,5.2164,2.6151,0.54628,60.0,0.84337,0.39334,0.3411
129,Myanmar,2015,Southeast Asia,4.31,1.6,0.51,56.0,0.66,1.0,0.66
119,Myanmar,2016,Southeast Asia,4.395,9.78674,0.59143,60.0,0.70161,1.0,0.40069
114,Myanmar,2017,Southeast Asia,4.545,1.96235,0.69741,59.0,0.78161,1.0,0.40666
130,Myanmar,2018,Southeast Asia,4.3078,4.13651,0.41365,62.0,0.80008,1.0,0.38965
131,Myanmar,2019,Southeast Asia,4.3604,4.21509,0.7271,68.0,0.83234,1.0,0.3804
133,Myanmar,2020,Southeast Asia,4.308,4.41271,0.70962,59.0,0.86183,1.0,0.64827
126,Myanmar,2021,Southeast Asia,4.4258,3.80272,0.60797,59.0,0.83938,0.96061,0.67365
126,Myanmar,2022,Southeast Asia,4.3942,4.70037,0.62808,71.0,0.69315,0.9663,0.33024
117,Myanmar,2023,Southeast Asia,4.3725,4.69125,0.69461,61.0,0.59592,0.9491,0.65434
115,Myanmar,2024,Southeast Asia,4.3545,4.56719,0.61126,68.0,0.52172,1.0,0.30273
113,Namibia,2016,Sub-Saharan Africa,4.574,9.98753,0.59464,58.0,0.79893,0.09509,0.20581
111,Namibia,2017,Sub-Saharan Africa,4.574,5.15529,0.68204,57.0,0.79044,0.09204,0.20061
119,Namibia,2018,Sub-Saharan Africa,4.4413,5.29893,0.52989,61.0,0.71678,0.08472,0.14045
113,Namibia,2019,Sub-Saharan Africa,4.6392,5.21667,0.80855,66.0,0.63509,0.12383,0.1242
122,Namibia,2020,Sub-Saharan Africa,4.5711,5.46688,0.80497,57.0,0.64131,0.13417,0.89812
124,Namibia,2021,Sub-Saharan Africa,4.5741,5.03915,0.6832,57.0,0.57369,0.16775,0.89195
124,Namibia,2022,Sub-Saharan Africa,4.4594,5.84951,0.66457,67.0,0.51878,0.14257,0.12072
105,Namibia,2023,Sub-Saharan Africa,4.6308,5.85991,0.69493,57.0,0.49648,0.16381,0.87393
103,Namibia,2024,Sub-Saharan Africa,4.8317,5.91607,0.74978,64.0,0.5441,0.1714,0.10691
121,Nepal,2015,South Asia,4.51,2.13,0.62,59.0,0.57,0.41,0.89
107,Nepal,2016,South Asia,4.793,9.34497,0.58904,64.0,0.60826,0.46553,0.13872
99,Nepal,2017,South Asia,4.962,2.56483,0.73221,62.0,0.66891,0.47024,0.15717
101,Nepal,2018,South Asia,4.8804,2.57953,0.25795,65.0,0.72622,0.50541,0.17043
100,Nepal,2019,South Asia,4.9127,2.64596,0.75482,70.0,0.69592,0.50315,0.19689
92,Nepal,2020,South Asia,5.1372,2.88968,0.7113,64.0,0.69325,0.52819,0.76086
87,Nepal,2021,South Asia,5.2689,2.96276,0.59919,64.0,0.68106,0.53051,0.75292
84,Nepal,2022,South Asia,5.3765,4.45594,0.5938,71.0,0.70065,0.50597,0.2212
78,Nepal,2023,South Asia,5.3603,4.45,0.634,62.0,0.73531,0.50939,0.8139
91,Nepal,2024,South Asia,5.1584,4.50995,0.61254,69.0,0.75627,0.52233,0.19981
7,Netherlands,2015,Western Europe,7.38,7.86,0.91,71.0,0.92,0.6,0.42
7,Netherlands,2016,Western Europe,7.339,9.84579,0.86974,77.0,0.90736,0.57844,0.59237
6,Netherlands,2017,Western Europe,7.377,8.03919,0.88722,71.0,0.88931,0.56139,0.60878
6,Netherlands,2018,Western Europe,7.4413,8.25267,0.82527,72.0,0.88072,0.55786,0.64467
5,Netherlands,2019,Western Europe,7.4876,8.28945,0.93733,76.0,0.8825,0.56986,0.65824
6,Netherlands,2020,Western Europe,7.4489,8.71326,0.94577,72.0,0.88512,0.59022,0.30871
5,Netherlands,2021,Western Europe,7.464,8.5737,0.92056,72.0,0.9031,0.5587,0.29856
5,Netherlands,2022,Western Europe,7.4149,8.8014,0.91358,80.0,0.87925,0.57932,0.71415
5,Netherlands,2023,Western Europe,7.403,8.82986,0.91885,72.0,0.87144,0.59435,0.29735
6,Netherlands,2024,Western Europe,7.3194,8.87942,0.90444,76.0,0.83986,0.61715,0.64757
9,New Zealand,2015,North America and ANZ,7.29,7.4,0.94,72.0,0.95,0.6,0.22
8,New Zealand,2016,North America and ANZ,7.334,9.82821,0.99115,78.0,0.95561,0.60266,0.82945
8,New Zealand,2017,North America and ANZ,7.314,7.51407,0.96127,71.0,0.93287,0.59661,0.82449
8,New Zealand,2018,North America and ANZ,7.3238,7.68935,0.76894,72.0,0.92324,0.61109,0.85091
8,New Zealand,2019,North America and ANZ,7.3075,7.73464,0.95909,77.0,0.92697,0.58294,0.84005
8,New Zealand,2020,North America and ANZ,7.2996,8.08445,0.961,73.0,0.93295,0.57164,0.13484
9,New Zealand,2021,North America and ANZ,7.2766,7.9968,0.93314,73.0,0.92938,0.50911,0.18624
10,New Zealand,2022,North America and ANZ,7.1998,8.38257,0.93539,79.0,0.91854,0.52286,0.82307
10,New Zealand,2023,North America and ANZ,7.1229,8.37266,0.953,70.0,0.87092,0.54617,0.15977
11,New Zealand,2024,North America and ANZ,7.0292,8.45752,0.94458,75.0,0.86357,0.56406,0.835
57,Nicaragua,2015,Latin America and Caribbean,5.83,3.51,0.81,66.0,0.83,0.35,0.65
48,Nicaragua,2016,Latin America and Caribbean,5.992,9.99201,0.75656,70.0,0.76555,0.36322,0.32247
43,Nicaragua,2017,Latin America and Caribbean,6.071,3.94116,0.79923,66.0,0.67991,0.35996,0.28147
41,Nicaragua,2018,Latin America and Caribbean,6.141,4.05262,0.40526,68.0,0.72707,0.34752,0.28115
45,Nicaragua,2019,Latin America and Caribbean,6.105,4.12021,0.81577,73.0,0.68852,0.35259,0.28139
46,Nicaragua,2020,Latin America and Caribbean,6.1371,4.0349,0.82117,68.0,0.80793,0.37358,0.67349
55,Nicaragua,2021,Latin America and Caribbean,5.9721,3.96098,0.77138,68.0,0.77172,0.37092,0.67838
45,Nicaragua,2022,Latin America and Caribbean,6.1646,5.00014,0.77965,75.0,0.8334,0.35862,0.36102
40,Nicaragua,2023,Latin America and Caribbean,6.2588,5.0397,0.79769,66.0,0.85515,0.35029,0.61164
43,Nicaragua,2024,Latin America and Caribbean,6.2839,5.1262,0.78144,72.0,0.91901,0.33206,0.43645
144,Niger,2015,Sub-Saharan Africa,3.85,0.41,0.55,49.0,0.71,0.24,0.72
142,Niger,2016,Sub-Saharan Africa,3.856,5.01702,0.51155,55.0,0.62517,0.25582,0.33999
135,Niger,2017,Sub-Saharan Africa,4.028,0.86556,0.61657,55.0,0.55246,0.27286,0.29845
134,Niger,2018,Sub-Saharan Africa,4.1655,0.79653,0.07965,58.0,0.53802,0.29345,0.21643
114,Niger,2019,Sub-Saharan Africa,4.6275,0.81981,0.47646,64.0,0.50436,0.33213,0.22608
103,Niger,2020,Sub-Saharan Africa,4.9096,0.70497,0.45478,54.0,0.62791,0.36534,0.742
96,Niger,2021,Sub-Saharan Africa,5.0741,0.92251,0.34312,54.0,0.72126,0.36953,0.71215
104,Niger,2022,Sub-Saharan Africa,5.0035,2.57932,0.42432,66.0,0.77202,0.35183,0.24677
109,Niger,2023,Sub-Saharan Africa,4.5013,2.55047,0.38791,57.0,0.70047,0.36475,0.75026
106,Niger,2024,Sub-Saharan Africa,4.5563,2.67622,0.41904,64.0,0.7118,0.36171,0.25525
78,Nigeria,2015,Sub-Saharan Africa,5.27,3.87,0.64,45.0,0.51,0.34,0.93
103,Nigeria,2016,Sub-Saharan Africa,4.875,9.70016,0.54509,46.0,0.45776,0.28325,0.06037
95,Nigeria,2017,Sub-Saharan Africa,5.074,4.18949,0.75487,49.0,0.60001,0.27557,0.05626
91,Nigeria,2018,Sub-Saharan Africa,5.1554,4.17888,0.41789,54.0,0.6375,0.33643,0.06948
85,Nigeria,2019,Sub-Saharan Africa,5.2646,4.1353,0.68429,62.0,0.67486,0.38055,0.09018
115,Nigeria,2020,Sub-Saharan Africa,4.7241,4.20324,0.63759,50.0,0.62758,0.38842,0.91074
116,Nigeria,2021,Sub-Saharan Africa,4.7593,3.78638,0.53327,50.0,0.60448,0.39237,0.92894
118,Nigeria,2022,Sub-Saharan Africa,4.552,4.88582,0.5547,65.0,0.60046,0.37306,0.06395
95,Nigeria,2023,Sub-Saharan Africa,4.9806,4.84103,0.62145,55.0,0.58086,0.41637,0.97711
100,Nigeria,2024,Sub-Saharan Africa,4.8808,4.86691,0.66531,63.0,0.65538,0.50252,0.033
66,North Cyprus,2015,Western Europe,5.7,7.15,0.76,72.0,0.73,0.33,0.74
62,North Cyprus,2016,Western Europe,5.771,9.93374,0.69153,78.0,0.71647,0.32111,0.32815
61,North Cyprus,2017,Middle East and North Africa,5.81,7.19979,0.73657,71.0,0.71584,0.3184,0.33459
94,North Macedonia,2021,Central and Eastern Europe,5.1012,6.10203,0.65815,65.0,0.62789,0.3925,0.96015
89,North Macedonia,2022,Central and Eastern Europe,5.199,6.81012,0.65355,75.0,0.65875,0.45974,0.05283
87,North Macedonia,2023,Central and Eastern Europe,5.2536,6.80954,0.72273,67.0,0.66807,0.49069,0.96504
83,North Macedonia,2024,Central and Eastern Europe,5.3691,6.8923,0.78971,72.0,0.6715,0.48347,0.02544
4,Norway,2015,Western Europe,7.52,8.63,0.95,71.0,1.0,0.44,0.34
4,Norway,2016,Western Europe,7.498,9.70015,0.95237,76.0,0.97963,0.46229,0.70814
1,Norway,2017,Western Europe,7.537,8.64065,0.95216,70.0,0.96532,0.43196,0.68051
2,Norway,2018,Western Europe,7.5937,8.82704,0.8827,72.0,0.94747,0.478,0.74335
3,Norway,2019,Western Europe,7.5539,8.83423,0.97407,77.0,0.95605,0.47948,0.75302
5,Norway,2020,Western Europe,7.488,9.2681,0.96614,73.0,0.96672,0.5054,0.1858
6,Norway,2021,Western Europe,7.3925,8.81579,0.94524,73.0,0.98208,0.4599,0.21935
8,Norway,2022,Western Europe,7.3651,9.03954,0.93873,80.0,0.98326,0.46298,0.80773
7,Norway,2023,Western Europe,7.3155,9.06702,0.93909,72.0,0.97449,0.50265,0.1745
7,Norway,2024,Western Europe,7.3017,9.11908,0.93815,76.0,0.96762,0.55922,0.84146
22,Oman,2015,Middle East and North Africa,6.85,8.05,0.77,66.0,0.94,0.27,0.41
81,Pakistan,2015,South Asia,5.19,3.52,0.3,57.0,0.18,0.42,0.81
92,Pakistan,2016,South Asia,5.132,9.93634,0.22088,60.0,0.2403,0.38043,0.27475
80,Pakistan,2017,South Asia,5.269,3.88549,0.41767,59.0,0.35733,0.37639,0.26781
75,Pakistan,2018,South Asia,5.4725,3.95645,0.39565,62.0,0.4615,0.3616,0.24792
67,Pakistan,2019,South Asia,5.653,4.01712,0.54585,68.0,0.49627,0.38947,0.21627
66,Pakistan,2020,South Asia,5.6933,4.01385,0.5641,58.0,0.5848,0.40137,0.77007
105,Pakistan,2021,South Asia,4.934,3.63774,0.36125,59.0,0.58436,0.46489,0.82229
121,Pakistan,2022,South Asia,4.5158,4.74669,0.31258,67.0,0.60506,0.38691,0.19033
108,Pakistan,2023,South Asia,4.5554,4.91356,0.40548,57.0,0.6624,0.33359,0.81804
105,Pakistan,2024,South Asia,4.6567,4.99198,0.3714,65.0,0.62774,0.36035,0.12861
108,Palestinian Territories,2015,Middle East and North Africa,4.72,3.54,0.66,63.0,0.37,0.14,0.77
108,Palestinian Territories,2016,Middle East and North Africa,4.754,9.81712,0.60536,67.0,0.29161,0.13607,0.21008
103,Palestinian Territories,2017,Middle East and North Africa,4.775,3.82864,0.71754,64.0,0.38695,0.13623,0.19229
104,Palestinian Territories,2018,Middle East and North Africa,4.7433,3.89563,0.38956,66.0,0.36738,0.14384,0.16731
110,Palestinian Territories,2019,Middle East and North Africa,4.6963,3.89877,0.76805,70.0,0.35633,0.18183,0.14619
125,Palestinian Territories,2020,Middle East and North Africa,4.5528,3.82526,0.77202,62.0,0.43086,0.16113,0.86512
125,Palestinian Territories,2021,Middle East and North Africa,4.5167,3.69013,0.69828,62.0,0.46105,0.15142,0.86234
122,Palestinian Territories,2022,Middle East and North Africa,4.4825,5.19565,0.72522,72.0,0.45454,0.15634,0.13538
25,Panama,2015,Latin America and Caribbean,6.79,6.29,0.85,68.0,0.81,0.31,0.83
25,Panama,2016,Latin America and Caribbean,6.701,9.96471,0.83593,73.0,0.80409,0.29498,0.16672
30,Panama,2017,Latin America and Caribbean,6.452,6.59488,0.85261,68.0,0.83559,0.25124,0.15288
27,Panama,2018,Latin America and Caribbean,6.43,6.74448,0.67445,70.0,0.82386,0.20836,0.13806
31,Panama,2019,Latin America and Caribbean,6.3213,6.82503,0.88785,75.0,0.8169,0.19227,0.11992
36,Panama,2020,Latin America and Caribbean,6.3048,7.14313,0.88923,70.0,0.8364,0.17059,0.89829
41,Panama,2021,Latin America and Caribbean,6.1796,7.413,0.83269,70.0,0.83302,0.14688,0.90243
37,Panama,2022,Latin America and Caribbean,6.3091,7.76178,0.83838,78.0,0.80043,0.10441,0.0874
38,Panama,2023,Latin America and Caribbean,6.2645,7.7909,0.86551,69.0,0.81663,0.15386,0.93513
39,Panama,2024,Latin America and Caribbean,6.3582,7.95002,0.8611,74.0,0.83389,0.15643,0.07394
53,Paraguay,2015,Latin America and Caribbean,5.88,4.5,0.93,63.0,0.8,0.43,0.85
70,Paraguay,2016,Latin America and Caribbean,5.538,9.89537,0.93902,68.0,0.75984,0.30859,0.14639
70,Paraguay,2017,Latin America and Caribbean,5.493,4.98479,0.93587,64.0,0.71934,0.26746,0.19613
64,Paraguay,2018,Latin America and Caribbean,5.6806,5.06096,0.5061,66.0,0.74611,0.27112,0.16204
63,Paraguay,2019,Latin America and Caribbean,5.7427,5.07969,0.90866,72.0,0.81454,0.32465,0.17726
67,Paraguay,2020,Latin America and Caribbean,5.6921,5.84372,0.8841,66.0,0.846,0.35854,0.87794
71,Paraguay,2021,Latin America and Caribbean,5.6526,5.61302,0.82782,66.0,0.84076,0.38118,0.93275
73,Paraguay,2022,Latin America and Caribbean,5.5783,6.37543,0.85633,75.0,0.84979,0.36596,0.10116
66,Paraguay,2023,Latin America and Caribbean,5.7378,6.49413,0.88074,66.0,0.87829,0.35005,0.88953
57,Paraguay,2024,Latin America and Caribbean,5.9765,6.53179,0.87101,72.0,0.91225,0.32787,0.11354
58,Peru,2015,Latin America and Caribbean,5.82,5.33,0.7,65.0,0.62,0.19,0.89
64,Peru,2016,Latin America and Caribbean,5.743,9.99132,0.68671,70.0,0.61631,0.17722,0.10475
63,Peru,2017,Latin America and Caribbean,5.715,5.5337,0.75673,66.0,0.68364,0.15132,0.10133
65,Peru,2018,Latin America and Caribbean,5.6632,5.66092,0.56609,68.0,0.73153,0.15321,0.07477
65,Peru,2019,Latin America and Caribbean,5.6971,5.69922,0.78446,73.0,0.72005,0.14743,0.0605
63,Peru,2020,Latin America and Caribbean,5.7968,5.97751,0.78084,68.0,0.74027,0.16078,0.9493
63,Peru,2021,Latin America and Caribbean,5.8396,5.63345,0.71048,68.0,0.74818,0.16156,0.94377
74,Peru,2022,Latin America and Caribbean,5.5591,6.32524,0.65505,78.0,0.7368,0.19147,0.06305
75,Peru,2023,Latin America and Caribbean,5.5259,6.31771,0.71215,70.0,0.71189,0.17237,0.95226
67,Peru,2024,Latin America and Caribbean,5.8409,6.40313,0.72994,75.0,0.71218,0.19505,0.04996
90,Philippines,2015,Southeast Asia,5.07,4.17,0.74,60.0,0.93,0.31,0.78
82,Philippines,2016,Southeast Asia,5.279,9.67256,0.74267,63.0,0.90149,0.26441,0.23271
72,Philippines,2017,Southeast Asia,5.43,4.58475,0.77855,61.0,0.88905,0.2309,0.21394
71,Philippines,2018,Southeast Asia,5.5241,4.70173,0.47017,64.0,0.88732,0.20069,0.23016
69,Philippines,2019,Southeast Asia,5.6314,4.79405,0.79609,70.0,0.88426,0.20728,0.23638
52,Philippines,2020,Southeast Asia,6.006,5.04414,0.80474,62.0,0.89707,0.22685,0.75545
61,Philippines,2021,Southeast Asia,5.8802,4.86958,0.70594,62.0,0.9097,0.23058,0.76956
60,Philippines,2022,Southeast Asia,5.9036,5.73773,0.69088,72.0,0.91683,0.22929,0.24142
76,Philippines,2023,Southeast Asia,5.5229,5.62837,0.68402,62.0,0.92607,0.24742,0.7484
53,Philippines,2024,Southeast Asia,6.0476,5.75533,0.7089,68.0,0.95708,0.24622,0.23652
60,Poland,2015,Central and Eastern Europe,5.79,6.66,0.91,67.0,0.79,0.21,0.92
57,Poland,2016,Western Europe,5.835,9.97051,0.88472,72.0,0.74267,0.1762,0.10886
46,Poland,2017,Central and Eastern Europe,5.973,6.90513,0.89764,68.0,0.79049,0.18908,0.12773
42,Poland,2018,Central and Eastern Europe,6.123,7.12858,0.71286,70.0,0.75327,0.18002,0.13975
40,Poland,2019,Central and Eastern Europe,6.1817,7.16074,0.88595,74.0,0.76476,0.20633,0.11154
43,Poland,2020,Central and Eastern Europe,6.1863,7.60882,0.84675,69.0,0.80474,0.11122,0.69889
44,Poland,2021,Central and Eastern Europe,6.1661,7.47651,0.83732,70.0,0.77988,0.14859,0.76207
48,Poland,2022,Central and Eastern Europe,6.1228,7.95468,0.88914,78.0,0.70671,0.26538,0.23877
39,Poland,2023,Central and Eastern Europe,6.2597,8.03202,0.91036,69.0,0.66208,0.28425,0.75284
35,Poland,2024,Central and Eastern Europe,6.4415,8.11814,0.8768,74.0,0.69503,0.20093,0.30482
88,Portugal,2015,Western Europe,5.1,6.86,0.81,70.0,0.77,0.17,0.98
94,Portugal,2016,Western Europe,5.123,9.966,0.79752,76.0,0.73505,0.14262,0.0301
89,Portugal,2017,Western Europe,5.195,7.03014,0.84879,70.0,0.75726,0.11348,0.03418
77,Portugal,2018,Western Europe,5.4104,7.20119,0.72012,72.0,0.77578,0.09189,0.03637
66,Portugal,2019,Western Europe,5.6925,7.24859,0.88123,76.0,0.80494,0.08274,0.05515
59,Portugal,2020,Western Europe,5.9109,7.60603,0.86557,72.0,0.85089,0.09308,0.94798
58,Portugal,2021,Western Europe,5.929,7.55476,0.80111,73.0,0.86673,0.05274,0.93933
56,Portugal,2022,Western Europe,6.0163,7.96549,0.81707,80.0,0.88467,0.0349,0.06674
56,Portugal,2023,Western Europe,5.968,7.99242,0.83693,71.0,0.89828,0.07408,0.93485
55,Portugal,2024,Western Europe,6.0296,8.07075,0.84609,76.0,0.87646,0.1164,0.06145
15,Puerto Rico,2016,Latin America and Caribbean,7.039,9.99959,0.91369,75.0,0.76951,0.27085,0.24297
28,Qatar,2015,Middle East and North Africa,6.61,10.0,0.77,68.0,0.96,0.41,0.05
36,Qatar,2016,Middle East and North Africa,6.375,10.0,0.7434,73.0,0.93147,0.39511,0.95108
35,Qatar,2017,Middle East and North Africa,6.375,10.0,0.79121,68.0,0.91779,0.39432,0.94614
32,Qatar,2018,Middle East and North Africa,6.3745,10.0,1.0,69.0,0.90279,0.42923,0.37321
29,Qatar,2019,Middle East and North Africa,6.3745,10.0,0.80871,74.0,0.8797,0.38824,0.36785
86,Romania,2015,Central and Eastern Europe,5.12,6.17,0.63,67.0,0.52,0.17,0.99
71,Romania,2016,Western Europe,5.528,9.87727,0.61527,71.0,0.60334,0.15724,0.01344
57,Romania,2017,Central and Eastern Europe,5.825,6.50901,0.71409,67.0,0.69427,0.15932,0.00945
52,Romania,2018,Central and Eastern Europe,5.9452,6.76524,0.67652,69.0,0.72814,0.14652,0.00151
48,Romania,2019,Central and Eastern Europe,6.0697,6.89896,0.75848,73.0,0.73214,0.14604,0.01056
47,Romania,2020,Central and Eastern Europe,6.1237,7.29107,0.77182,67.0,0.77149,0.11966,0.99844
46,Romania,2021,Central and Eastern Europe,6.14,7.28045,0.70976,67.0,0.7874,0.08279,0.99875
28,Romania,2022,Central and Eastern Europe,6.477,7.77992,0.76229,76.0,0.81787,0.08393,0.01047
24,Romania,2023,Central and Eastern Europe,6.5891,7.84633,0.79012,67.0,0.81787,0.10504,1.0
32,Romania,2024,Central and Eastern Europe,6.4912,7.93747,0.76443,73.0,0.83,0.10157,0.01098
64,Russia,2015,Commonwealth of Independent States,5.72,6.73,0.88,63.0,0.55,0.0,0.95
56,Russia,2016,Commonwealth of Independent States,5.856,9.9101,0.88958,68.0,0.5371,0.03338,0.07097
49,Russia,2017,Commonwealth of Independent States,5.963,6.85162,0.91227,63.0,0.56784,0.06236,0.07099
59,Russia,2018,Commonwealth of Independent States,5.8097,6.98035,0.69803,66.0,0.55114,0.10887,0.05552
68,Russia,2019,Commonwealth of Independent States,5.6479,7.0252,0.89451,71.0,0.52956,0.14501,0.06817
73,Russia,2020,Commonwealth of Independent States,5.546,7.33401,0.89085,64.0,0.57625,0.17381,0.91429
76,Russia,2021,Commonwealth of Independent States,5.4772,7.0909,0.84612,65.0,0.57157,0.21297,0.88952
80,Russia,2022,Commonwealth of Independent States,5.4586,7.62519,0.82975,74.0,0.54241,0.25053,0.13602
70,Russia,2023,Commonwealth of Independent States,5.6607,7.6355,0.8536,65.0,0.58253,0.28501,0.83694
71,Russia,2024,Commonwealth of Independent States,5.7853,7.67194,0.83586,71.0,0.63875,0.34384,0.20957
154,Rwanda,2015,Sub-Saharan Africa,3.46,1.31,0.55,54.0,0.88,0.28,0.0
152,Rwanda,2016,Sub-Saharan Africa,3.515,9.55183,0.52048,57.0,0.89271,0.28732,1.0
151,Rwanda,2017,Sub-Saharan Africa,3.471,1.9711,0.58719,57.0,0.88393,0.30159,0.98043
151,Rwanda,2018,Sub-Saharan Africa,3.4081,2.01526,0.20153,62.0,0.87775,0.3342,0.97269
152,Rwanda,2019,Sub-Saharan Africa,3.3338,2.13461,0.43793,69.0,0.87853,0.3829,0.90753
150,Rwanda,2020,Sub-Saharan Africa,3.3123,2.23367,0.33787,61.0,0.87136,0.41365,0.08932
147,Rwanda,2021,Sub-Saharan Africa,3.4147,2.07692,0.17247,61.0,0.8753,0.42024,0.09895
143,Rwanda,2022,Sub-Saharan Africa,3.2682,3.55415,0.10054,70.0,0.83979,0.39891,0.92742
35,Saudi Arabia,2015,Middle East and North Africa,6.41,8.25,0.77,65.0,0.46,0.17,0.41
34,Saudi Arabia,2016,Middle East and North Africa,6.379,9.85068,0.71691,68.0,0.62293,0.18857,0.59396
37,Saudi Arabia,2017,Middle East and North Africa,6.344,8.1818,0.79889,64.0,0.68325,0.17614,0.5889
33,Saudi Arabia,2018,Middle East and North Africa,6.3709,8.36094,0.83609,67.0,0.70251,0.16457,0.27756
28,Saudi Arabia,2019,Middle East and North Africa,6.3747,8.33026,0.83549,72.0,0.69496,0.14206,0.29172
27,Saudi Arabia,2020,Middle East and North Africa,6.4065,8.68321,0.84646,66.0,0.79115,0.15345,0.69367
26,Saudi Arabia,2021,Middle East and North Africa,6.494,8.19593,0.82245,67.0,0.84216,0.16719,0.70219
25,Saudi Arabia,2022,Middle East and North Africa,6.5228,8.46181,0.82739,74.0,0.8794,0.16759,0.30737
30,Saudi Arabia,2023,Middle East and North Africa,6.4626,8.46003,0.84612,64.0,0.88341,0.22099,0.69631
28,Saudi Arabia,2024,Middle East and North Africa,6.5935,8.60725,0.84171,71.0,0.91172,0.28415,0.32685
142,Senegal,2015,Sub-Saharan Africa,3.9,2.16,0.7,54.0,0.55,0.26,0.81
128,Senegal,2016,Sub-Saharan Africa,4.219,9.91461,0.65426,61.0,0.51038,0.23305,0.23121
115,Senegal,2017,Sub-Saharan Africa,4.535,2.5621,0.73247,59.0,0.57413,0.21892,0.24867
109,Senegal,2018,Sub-Saharan Africa,4.6311,2.60092,0.26009,62.0,0.55978,0.23093,0.17972
111,Senegal,2019,Sub-Saharan Africa,4.6811,2.67179,0.69857,68.0,0.46206,0.27053,0.15857
101,Senegal,2020,Sub-Saharan Africa,4.9808,3.28021,0.61683,60.0,0.50832,0.28851,0.84645
92,Senegal,2021,Sub-Saharan Africa,5.1318,2.95906,0.47591,60.0,0.53276,0.29185,0.83836
103,Senegal,2022,Sub-Saharan Africa,5.0461,4.2216,0.40137,70.0,0.66712,0.30647,0.13746
102,Senegal,2023,Sub-Saharan Africa,4.8551,4.28578,0.44908,60.0,0.67263,0.33736,0.89374
97,Senegal,2024,Sub-Saharan Africa,4.9686,4.3324,0.46438,67.0,0.7028,0.37926,0.11943
87,Serbia,2015,Central and Eastern Europe,5.12,5.45,0.72,66.0,0.3,0.24,0.95
86,Serbia,2016,Western Europe,5.177,9.78779,0.68733,70.0,0.25832,0.25297,0.08589
73,Serbia,2017,Central and Eastern Europe,5.395,5.71594,0.78121,66.0,0.31708,0.26266,0.0881
78,Serbia,2018,Central and Eastern Europe,5.3982,5.91065,0.59107,68.0,0.39734,0.22387,0.09388
70,Serbia,2019,Central and Eastern Europe,5.603,5.96054,0.85176,73.0,0.44733,0.24171,0.08527
64,Serbia,2020,Central and Eastern Europe,5.7782,6.43064,0.85776,68.0,0.57038,0.26374,0.8885
48,Serbia,2021,Central and Eastern Europe,6.0779,6.28846,0.78804,69.0,0.67271,0.34994,0.87865
43,Serbia,2022,Central and Eastern Europe,6.178,7.01436,0.82245,76.0,0.73761,0.46725,0.15064
45,Serbia,2023,Central and Eastern Europe,6.1436,7.05543,0.82925,67.0,0.79928,0.58329,0.85611
37,Serbia,2024,Central and Eastern Europe,6.4108,7.18435,0.86079,73.0,0.76822,0.49932,0.17498
123,Sierra Leone,2015,Sub-Saharan Africa,4.51,1.95,0.68,39.0,0.61,0.27,0.84
111,Sierra Leone,2016,Sub-Saharan Africa,4.635,9.44368,0.53074,44.0,0.50429,0.29153,0.16223
106,Sierra Leone,2017,Sub-Saharan Africa,4.709,1.96936,0.61105,47.0,0.48416,0.34966,0.15312
113,Sierra Leone,2018,Sub-Saharan Africa,4.5706,1.55335,0.15534,53.0,0.49026,0.39865,0.11603
129,Sierra Leone,2019,Sub-Saharan Africa,4.3742,1.59292,0.51807,62.0,0.48972,0.4458,0.09945
139,Sierra Leone,2020,Sub-Saharan Africa,3.9264,1.56546,0.48333,51.0,0.55105,0.45216,0.91008
138,Sierra Leone,2021,Sub-Saharan Africa,3.8494,1.59352,0.3217,52.0,0.57009,0.44853,0.9149
140,Sierra Leone,2022,Sub-Saharan Africa,3.574,3.10358,0.31521,64.0,0.52298,0.43229,0.09287
135,Sierra Leone,2023,Sub-Saharan Africa,3.1376,3.04455,0.33361,55.0,0.48076,0.4572,0.90892
137,Sierra Leone,2024,Sub-Saharan Africa,3.2452,3.05663,0.35012,63.0,0.54328,0.45249,0.09268
24,Singapore,2015,Southeast Asia,6.8,9.0,0.73,76.0,0.81,0.39,0.11
22,Singapore,2016,East Asia,6.739,9.62602,0.73321,82.0,0.8015,0.399,0.93005
26,Singapore,2017,Southeast Asia,6.572,9.04591,0.84058,75.0,0.83531,0.41281,1.0
34,Singapore,2018,Southeast Asia,6.3432,9.27376,0.92738,75.0,0.87145,0.43746,1.0
34,Singapore,2019,Southeast Asia,6.262,9.33188,0.90119,79.0,0.88089,0.47822,1.0
31,Singapore,2020,Southeast Asia,6.3771,9.88875,0.90171,77.0,0.91641,0.38393,0.0
32,Singapore,2021,Southeast Asia,6.3765,9.6836,0.86924,77.0,0.92703,0.32509,0.0
27,Singapore,2022,Southeast Asia,6.4802,9.7249,0.85415,82.0,0.90749,0.3477,1.0
25,Singapore,2023,Southeast Asia,6.5867,9.85578,0.83625,74.0,0.85557,0.4035,0.0
30,Singapore,2024,Southeast Asia,6.5228,9.89526,0.84207,78.0,0.86056,0.4199,1.0
45,Slovakia,2015,Central and Eastern Europe,5.99,6.91,0.91,67.0,0.47,0.21,0.94
45,Slovakia,2016,Western Europe,6.078,9.81447,0.91499,72.0,0.38441,0.16881,0.05834
40,Slovakia,2017,Central and Eastern Europe,6.098,7.08477,0.93449,68.0,0.4494,0.16293,0.05214
39,Slovakia,2018,Central and Eastern Europe,6.1734,7.33687,0.73369,70.0,0.48797,0.1968,0.03024
38,Slovakia,2019,Central and Eastern Europe,6.1976,7.4,0.92652,74.0,0.5294,0.21371,0.03102
37,Slovakia,2020,Central and Eastern Europe,6.2806,7.77547,0.92037,69.0,0.61093,0.20486,0.97882
34,Slovakia,2021,Central and Eastern Europe,6.3309,7.45049,0.90955,69.0,0.65371,0.19812,0.96723
35,Slovakia,2022,Central and Eastern Europe,6.3907,7.85947,0.93319,78.0,0.64679,0.2518,0.04181
29,Slovakia,2023,Central and Eastern Europe,6.4686,7.86977,0.95326,69.0,0.64092,0.30272,0.96008
45,Slovakia,2024,Central and Eastern Europe,6.2571,7.96789,0.95284,74.0,0.65609,0.23964,0.10071
55,Slovenia,2015,Central and Eastern Europe,5.85,7.01,0.91,70.0,0.91,0.32,0.93
63,Slovenia,2016,Western Europe,5.768,9.92202,0.89256,76.0,0.87371,0.31399,0.07195
62,Slovenia,2017,Central and Eastern Europe,5.758,7.16929,0.90186,70.0,0.86985,0.28953,0.0972
51,Slovenia,2018,Central and Eastern Europe,5.9476,7.39238,0.73924,72.0,0.87363,0.26741,0.1115
44,Slovenia,2019,Central and Eastern Europe,6.1177,7.46925,0.9381,75.0,0.8933,0.25499,0.12641
33,Slovenia,2020,Central and Eastern Europe,6.3634,7.86537,0.94644,71.0,0.93283,0.2557,0.85649
29,Slovenia,2021,Central and Eastern Europe,6.4607,7.77061,0.93279,71.0,0.96345,0.22595,0.84504
22,Slovenia,2022,Central and Eastern Europe,6.6301,8.19057,0.94632,79.0,0.92499,0.25178,0.19555
22,Slovenia,2023,Central and Eastern Europe,6.6499,8.2527,0.95008,71.0,0.91699,0.34197,0.79841
21,Slovenia,2024,Central and Eastern Europe,6.7433,8.3419,0.92928,76.0,0.91448,0.39295,0.22707
76,Somalia,2016,Sub-Saharan Africa,5.44,0.0,0.28407,49.0,0.93311,0.33213,0.61717
93,Somalia,2017,Sub-Saharan Africa,5.151,0.12104,0.44776,51.0,0.91474,0.34798,0.60824
98,Somalia,2018,Sub-Saharan Africa,4.9815,0.0,0.0,55.0,0.9298,0.39825,0.61731
112,Somalia,2019,Sub-Saharan Africa,4.6679,0.0,0.42977,63.0,0.88607,0.42957,0.59754
91,Somaliland region,2015,Sub-Saharan Africa,5.06,1.11,0.68,55.0,0.7,0.63,0.28
97,Somaliland region,2016,Sub-Saharan Africa,5.057,9.13349,0.64113,58.0,0.64307,0.62801,0.72829
113,South Africa,2015,Sub-Saharan Africa,4.64,5.45,0.84,49.0,0.5,0.15,0.84
116,South Africa,2016,Sub-Saharan Africa,4.459,9.95684,0.81177,52.0,0.69817,0.1666,0.16657
101,South Africa,2017,Sub-Saharan Africa,4.829,5.63779,0.85981,53.0,0.72806,0.16629,0.15617
105,South Africa,2018,Sub-Saharan Africa,4.724,5.69972,0.56997,60.0,0.71291,0.17297,0.12199
106,South Africa,2019,Sub-Saharan Africa,4.7222,5.6985,0.83188,66.0,0.61682,0.22973,0.1209
109,South Africa,2020,Sub-Saharan Africa,4.8141,5.87073,0.81359,57.0,0.62715,0.22184,0.8884
103,South Africa,2021,Sub-Saharan Africa,4.9564,5.52209,0.76313,57.0,0.62482,0.26655,0.90697
91,South Africa,2022,Sub-Saharan Africa,5.1939,6.4495,0.82447,67.0,0.59743,0.18991,0.07846
85,South Africa,2023,Sub-Saharan Africa,5.2746,6.44165,0.88162,57.0,0.60099,0.21338,0.96558
82,South Africa,2024,Sub-Saharan Africa,5.422,6.48958,0.84704,65.0,0.62153,0.1957,0.05909
47,South Korea,2015,East Asia,5.98,7.36,0.68,74.0,0.5,0.23,0.86
58,South Korea,2016,East Asia,5.835,9.98936,0.61012,80.0,0.41362,0.22964,0.15272
55,South Korea,2017,East Asia,5.838,7.49254,0.70054,73.0,0.39183,0.24661,0.13629
57,South Korea,2018,East Asia,5.8749,7.67899,0.7679,74.0,0.33706,0.29205,0.11256
54,South Korea,2019,East Asia,5.8947,7.72522,0.75089,77.0,0.25236,0.30875,0.12378
61,South Korea,2020,East Asia,5.8724,8.10386,0.73248,74.0,0.37411,0.29888,0.82258
62,South Korea,2021,East Asia,5.8455,8.01277,0.64663,74.0,0.49333,0.24698,0.75243
59,South Korea,2022,East Asia,5.9351,8.37826,0.67108,82.0,0.55924,0.23723,0.30003
57,South Korea,2023,East Asia,5.9511,8.42289,0.73343,74.0,0.57814,0.26482,0.70892
52,South Korea,2024,East Asia,6.0579,8.47919,0.72875,78.0,0.64248,0.31515,0.27461
143,South Sudan,2016,Sub-Saharan Africa,3.832,9.96735,0.15651,51.0,0.32314,0.31595,0.25762
147,South Sudan,2017,Sub-Saharan Africa,3.591,2.12345,0.37336,52.0,0.22341,0.34087,0.25154
154,South Sudan,2018,Sub-Saharan Africa,3.2542,2.04584,0.20458,57.0,0.15405,0.37473,0.23125
156,South Sudan,2019,Sub-Saharan Africa,2.8526,1.81607,0.3541,63.0,0.01618,0.35715,0.19998
152,South Sudan,2020,Sub-Saharan Africa,2.8166,1.88122,0.35751,51.0,0.09464,0.36843,0.79151
36,Spain,2015,Western Europe,6.33,7.28,0.94,73.0,0.69,0.23,0.88
37,Spain,2016,Western Europe,6.361,9.88808,0.95452,79.0,0.61702,0.2155,0.12148
34,Spain,2017,Western Europe,6.403,7.40017,0.95127,73.0,0.62101,0.22687,0.15273
36,Spain,2018,Western Europe,6.3099,7.58504,0.7585,74.0,0.61954,0.23689,0.16155
30,Spain,2019,Western Europe,6.3541,7.63488,0.91426,77.0,0.57362,0.27022,0.17355
28,Spain,2020,Western Europe,6.4009,8.00777,0.91828,74.0,0.61446,0.2901,0.79447
27,Spain,2021,Western Europe,6.4907,7.8534,0.9013,75.0,0.64519,0.2495,0.77365
29,Spain,2022,Western Europe,6.4763,8.18361,0.9175,81.0,0.68232,0.21683,0.25393
32,Spain,2023,Western Europe,6.4362,8.17445,0.92078,72.0,0.69075,0.23973,0.72085
36,Spain,2024,Western Europe,6.4209,8.25122,0.90975,77.0,0.71697,0.29647,0.30803
132,Sri Lanka,2015,South Asia,4.27,4.94,0.73,64.0,0.8,0.51,0.83
117,Sri Lanka,2016,South Asia,4.415,9.94924,0.71652,69.0,0.83515,0.57311,0.15763
120,Sri Lanka,2017,South Asia,4.44,5.39806,0.78232,65.0,0.85259,0.5857,0.15863
116,Sri Lanka,2018,South Asia,4.4706,5.56592,0.55659,68.0,0.80765,0.51444,0.10982
130,Sri Lanka,2019,South Asia,4.3659,5.63751,0.77902,73.0,0.74517,0.43111,0.10278
130,Sri Lanka,2020,South Asia,4.327,5.8437,0.77214,67.0,0.76252,0.44342,0.90726
129,Sri Lanka,2021,South Asia,4.325,5.65743,0.69937,67.0,0.78129,0.44231,0.91105
127,Sri Lanka,2022,South Asia,4.3622,6.40665,0.70733,76.0,0.71472,0.31997,0.13388
112,Sri Lanka,2023,South Asia,4.4416,6.46362,0.75581,67.0,0.69841,0.28548,0.84597
125,Sri Lanka,2024,South Asia,3.8981,6.35814,0.72914,73.0,0.67536,0.35942,0.05363
99,State of Palestine,2023,Middle East and North Africa,4.9078,5.20061,0.80811,,0.53963,0.15516,0.88085
118,Sudan,2015,Sub-Saharan Africa,4.55,3.08,0.72,52.0,0.15,0.24,0.73
133,Sudan,2016,Sub-Saharan Africa,4.139,9.99269,0.69239,56.0,0.0,0.22053,0.1987
130,Sudan,2017,Western Europe,4.139,3.52538,0.75377,56.0,0.02278,0.21754,0.19351
137,Sudan,2018,Middle East and North Africa,4.1387,3.66889,0.36689,60.0,0.02241,0.22408,0.1789
40,Suriname,2015,Latin America and Caribbean,6.27,5.89,0.69,61.0,0.89,0.21,0.75
40,Suriname,2016,Latin America and Caribbean,6.269,9.82217,0.65807,65.0,0.85843,0.2033,0.25123
101,Swaziland,2015,Sub-Saharan Africa,4.87,4.21,0.77,41.0,0.46,0.23,0.94
135,Swaziland,2019,Sub-Saharan Africa,4.2116,4.81445,0.70781,58.0,0.49639,0.13074,0.29752
132,Swaziland,2020,Sub-Saharan Africa,4.3081,5.38526,0.68807,51.0,0.43264,0.11805,0.72473
130,Swaziland,2021,Sub-Saharan Africa,4.3081,4.84883,0.59133,51.0,0.45051,0.12449,0.73048
8,Sweden,2015,Western Europe,7.36,7.88,0.92,72.0,0.99,0.46,0.21
10,Sweden,2016,Western Europe,7.291,9.89265,0.91919,78.0,0.95678,0.46667,0.80891
10,Sweden,2017,Western Europe,7.284,7.9881,0.91779,71.0,0.93114,0.45986,0.8279
9,Sweden,2018,Western Europe,7.3145,8.2195,0.82195,73.0,0.91018,0.47638,0.83859
7,Sweden,2019,Western Europe,7.3433,8.23337,0.91603,76.0,0.90998,0.47192,0.82442
7,Sweden,2020,Western Europe,7.3535,8.60451,0.92619,73.0,0.93801,0.4788,0.17086
7,Sweden,2021,Western Europe,7.3627,8.44436,0.90558,73.0,0.95662,0.45121,0.18137
7,Sweden,2022,Western Europe,7.3843,8.69133,0.91221,80.0,0.97793,0.46574,0.87289
6,Sweden,2023,Western Europe,7.3952,8.73292,0.93249,72.0,0.97682,0.53339,0.07195
4,Sweden,2024,Western Europe,7.3441,8.77425,0.92843,77.0,0.97097,0.55252,0.91078
1,Switzerland,2015,Western Europe,7.59,8.26,0.96,73.0,0.99,0.37,0.24
2,Switzerland,2016,Western Europe,7.509,9.64149,0.96787,79.0,0.96235,0.34259,0.81557
4,Switzerland,2017,Western Europe,7.494,8.36545,0.94185,72.0,0.942,0.34669,0.79044
5,Switzerland,2018,Western Europe,7.4873,8.60934,0.86093,73.0,0.9107,0.42761,0.78053
6,Switzerland,2019,Western Europe,7.4802,8.6233,0.94003,77.0,0.90538,0.46563,0.75685
3,Switzerland,2020,Western Europe,7.5599,9.05054,0.95143,74.0,0.90723,0.47218,0.23486
3,Switzerland,2021,Western Europe,7.5715,8.94398,0.92083,74.0,0.91274,0.37698,0.24463
4,Switzerland,2022,Western Europe,7.5116,9.16979,0.9289,81.0,0.91475,0.31377,0.78559
8,Switzerland,2023,Western Europe,7.2401,9.19142,0.90316,73.0,0.87869,0.35761,0.15356
9,Switzerland,2024,Western Europe,7.0602,9.20463,0.88148,78.0,0.87934,0.43239,0.86525
156,Syria,2015,Middle East and North Africa,3.01,3.92,0.34,65.0,0.23,0.59,0.66
156,Syria,2016,Middle East and North Africa,3.069,9.91917,0.12563,70.0,0.1136,0.59041,0.34111
152,Syria,2017,Middle East and North Africa,3.462,4.1542,0.24594,62.0,0.12387,0.58904,0.32596
150,Syria,2018,Middle East and North Africa,3.4619,4.17681,0.41768,65.0,0.12185,0.62906,0.31581
149,Syria,2019,Middle East and North Africa,3.4619,3.67412,0.23261,66.0,0.02031,0.58462,0.31105
38,Taiwan,2015,East Asia,6.3,7.64,0.77,70.0,0.59,0.32,0.85
35,Taiwan,2016,East Asia,6.379,9.95173,0.78279,76.0,0.5321,0.31103,0.13124
26,Taiwan,2018,East Asia,6.4406,8.27779,0.82778,72.0,0.57636,0.25205,0.17038
25,Taiwan,2019,East Asia,6.4462,8.12358,0.88099,75.0,0.55534,0.42716,0.21383
33,Taiwan Province of China,2017,East Asia,6.422,7.66331,0.85967,70.0,0.54913,0.30828,0.13747
25,Taiwan Province of China,2020,East Asia,6.4554,8.63858,0.87735,70.0,0.64824,0.26429,0.75333
24,Taiwan Province of China,2021,East Asia,6.5844,8.45234,0.8373,70.0,0.68427,0.26233,0.74572
26,Taiwan Province of China,2022,East Asia,6.5125,8.58555,0.82975,78.0,0.73273,0.16035,0.28669
27,Taiwan Province of China,2023,East Asia,6.5354,8.59374,0.84699,70.0,0.72836,0.15951,0.68312
31,Taiwan Province of China,2024,East Asia,6.5035,8.60343,0.83257,75.0,0.75178,0.17043,0.35184
106,Tajikistan,2015,Commonwealth of Independent States,4.79,2.31,0.61,59.0,0.7,0.29,0.73
100,Tajikistan,2016,Commonwealth of Independent States,4.996,9.19796,0.63893,66.0,0.71338,0.31716,0.26739
96,Tajikistan,2017,Commonwealth of Independent States,5.041,2.80481,0.78945,63.0,0.7164,0.29711,0.31526
80,Tajikistan,2018,Commonwealth of Independent States,5.3525,2.87522,0.28752,66.0,0.69498,0.35825,0.2966
74,Tajikistan,2019,Commonwealth of Independent States,5.4673,2.92809,0.67599,71.0,0.61554,0.40597,0.31779
71,Tajikistan,2020,Commonwealth of Independent States,5.5557,3.09027,0.78729,64.0,0.75171,0.32013,0.58403
78,Tajikistan,2021,Commonwealth of Independent States,5.4662,2.90437,0.76318,64.0,0.76524,0.28008,0.54898
83,Tajikistan,2022,Commonwealth of Independent States,5.3771,4.37416,0.76155,72.0,0.77231,0.25127,0.51789
80,Tajikistan,2023,Commonwealth of Independent States,5.3298,4.41825,0.7708,62.0,0.7768,0.24758,0.47954
146,Tanzania,2015,Sub-Saharan Africa,3.78,1.69,0.72,53.0,0.49,0.43,0.9
149,Tanzania,2016,Sub-Saharan Africa,3.666,9.57975,0.65601,59.0,0.52196,0.38394,0.10093
153,Tanzania,2017,Sub-Saharan Africa,3.349,2.73223,0.64697,58.0,0.59251,0.4227,0.14222
153,Tanzania,2018,Sub-Saharan Africa,3.3035,2.75833,0.27583,61.0,0.66382,0.45189,0.2127
153,Tanzania,2019,Sub-Saharan Africa,3.2307,2.82558,0.54498,67.0,0.66084,0.4883,0.3251
148,Tanzania,2020,Sub-Saharan Africa,3.4762,2.97501,0.5639,57.0,0.7347,0.47654,0.6176
142,Tanzania,2021,Sub-Saharan Africa,3.6232,2.47494,0.46023,58.0,0.76717,0.56804,0.57737
139,Tanzania,2022,Sub-Saharan Africa,3.7024,3.84022,0.45232,69.0,0.78075,0.53076,0.46087
129,Tanzania,2023,Sub-Saharan Africa,3.6938,3.8001,0.48587,59.0,0.78702,0.55528,0.52078
128,Tanzania,2024,Sub-Saharan Africa,3.7806,3.83149,0.43676,67.0,0.82153,0.47697,0.44723
34,Thailand,2015,Southeast Asia,6.45,5.72,0.9,65.0,0.83,0.72,0.94
33,Thailand,2016,Southeast Asia,6.474,9.94463,0.88296,70.0,0.81437,0.71606,0.05608
32,Thailand,2017,Southeast Asia,6.424,6.02892,0.88527,66.0,0.88143,0.68266,0.06809
46,Thailand,2018,Southeast Asia,6.0723,6.16091,0.61609,69.0,0.87972,0.60841,0.06378
52,Thailand,2019,Southeast Asia,6.008,6.23303,0.86769,73.0,0.88265,0.63442,0.06184
54,Thailand,2020,Southeast Asia,5.9988,6.5533,0.87073,67.0,0.87909,0.66111,0.94028
54,Thailand,2021,Southeast Asia,5.9847,6.3245,0.81664,67.0,0.85368,0.69367,0.94871
61,Thailand,2022,Southeast Asia,5.8912,6.94772,0.83005,77.0,0.83327,0.686,0.04437
60,Thailand,2023,Southeast Asia,5.843,6.8883,0.82996,68.0,0.80842,0.69105,0.97612
58,Thailand,2024,Southeast Asia,5.9761,6.93387,0.83309,74.0,0.87531,0.7051,0.04204
158,Togo,2015,Sub-Saharan Africa,2.84,1.23,0.1,49.0,0.54,0.21,0.81
155,Togo,2016,Sub-Saharan Africa,3.303,9.51589,0.0,54.0,0.56991,0.21369,0.22935
150,Togo,2017,Sub-Saharan Africa,3.495,1.63273,0.26815,54.0,0.57794,0.23494,0.20604
139,Togo,2018,Sub-Saharan Africa,3.9985,1.57278,0.15728,58.0,0.59922,0.26475,0.22031
139,Togo,2019,Sub-Saharan Africa,4.0849,1.63448,0.35251,65.0,0.46411,0.31216,0.18844
135,Togo,2020,Sub-Saharan Africa,4.1872,1.74478,0.35386,55.0,0.43784,0.35235,0.78463
136,Togo,2021,Sub-Saharan Africa,4.1068,1.45093,0.2043,55.0,0.40389,0.38529,0.80512
135,Togo,2022,Sub-Saharan Africa,4.1123,3.49012,0.24358,67.0,0.39427,0.37273,0.22565
122,Togo,2023,Sub-Saharan Africa,4.1374,3.49986,0.39616,57.0,0.47569,0.3542,0.75826
121,Togo,2024,Sub-Saharan Africa,4.2141,3.54351,0.36257,65.0,0.52429,0.31606,0.27127
38,Trinidad & Tobago,2018,Latin America and Caribbean,6.1919,7.41459,0.74146,65.0,0.79379,0.28628,0.04081
41,Trinidad and Tobago,2015,Latin America and Caribbean,6.17,7.17,0.84,61.0,0.83,0.4,0.98
43,Trinidad and Tobago,2016,Latin America and Caribbean,6.168,9.89094,0.83303,65.0,0.79629,0.38959,0.02456
38,Trinidad and Tobago,2017,Latin America and Caribbean,6.168,7.277,0.85698,62.0,0.78789,0.38815,0.01931
39,Trinidad and Tobago,2019,Latin America and Caribbean,6.1919,7.30693,0.90947,71.0,0.77533,0.32741,0.03457
42,Trinidad and Tobago,2020,Latin America and Caribbean,6.1919,7.59849,0.90938,64.0,0.79757,0.34987,0.97172
107,Tunisia,2015,Middle East and North Africa,4.74,5.21,0.43,65.0,0.39,0.08,0.88
98,Tunisia,2016,Middle East and North Africa,5.045,9.86052,0.3648,68.0,0.38707,0.04802,0.16171
102,Tunisia,2017,Middle East and North Africa,4.805,5.38424,0.53916,65.0,0.44008,0.05929,0.18678
111,Tunisia,2018,Middle East and North Africa,4.5924,5.4561,0.54561,68.0,0.37338,0.06729,0.1373
124,Tunisia,2019,Middle East and North Africa,4.4606,5.46875,0.61585,73.0,0.26453,0.1039,0.12122
128,Tunisia,2020,Middle East and North Africa,4.3922,5.69243,0.56357,67.0,0.34021,0.09807,0.91766
122,Tunisia,2021,Middle East and North Africa,4.5965,5.24916,0.43891,67.0,0.46594,0.10556,0.91908
120,Tunisia,2022,Middle East and North Africa,4.516,6.10961,0.45179,76.0,0.42687,0.06175,0.04965
110,Tunisia,2023,Middle East and North Africa,4.4967,6.06018,0.60578,67.0,0.33608,0.05304,0.97145
112,Tunisia,2024,Middle East and North Africa,4.4218,6.1034,0.59058,73.0,0.29414,0.0596,0.03191
76,Turkey,2015,Middle East and North Africa,5.33,6.28,0.67,65.0,0.34,0.15,0.71
78,Turkey,2016,Middle East and North Africa,5.389,9.9501,0.74132,70.0,0.3926,0.05742,0.24441
69,Turkey,2017,Middle East and North Africa,5.5,6.40526,0.83061,66.0,0.45688,0.05571,0.21467
74,Turkey,2018,Middle East and North Africa,5.4825,6.96361,0.69636,68.0,0.4476,0.17672,0.23805
79,Turkey,2019,Middle East and North Africa,5.3726,7.02743,0.83788,73.0,0.30869,0.14748,0.23427
93,Turkey,2020,Middle East and North Africa,5.1318,7.33511,0.77357,67.0,0.36696,0.15073,0.77308
104,Turkey,2021,Middle East and North Africa,4.9476,7.19412,0.69028,67.0,0.32981,0.17921,0.80903
112,Turkey,2022,Middle East and North Africa,4.7442,7.72532,0.65551,77.0,0.2825,0.18641,0.1959
106,Turkiye,2023,Middle East and North Africa,4.6135,7.79376,0.70874,69.0,0.16159,0.22562,0.82861
96,Turkiye,2024,Middle East and North Africa,4.9753,7.94937,0.72687,74.0,0.23407,0.16981,0.19955
70,Turkmenistan,2015,Commonwealth of Independent States,5.55,5.67,0.87,58.0,0.71,0.21,0.44
65,Turkmenistan,2016,Commonwealth of Independent States,5.658,9.91722,0.87739,62.0,0.61477,0.2753,0.56347
59,Turkmenistan,2017,Commonwealth of Independent States,5.822,6.04446,0.92709,60.0,0.63543,0.29821,0.5584
68,Turkmenistan,2018,Commonwealth of Independent States,5.6362,6.1586,0.61586,64.0,0.57504,0.33316,0.08165
87,Turkmenistan,2019,Commonwealth of Independent States,5.2467,6.24402,0.94744,70.0,0.62493,0.43133,0.06129
95,Turkmenistan,2020,Commonwealth of Independent States,5.1191,6.56588,0.97603,62.0,0.7432,0.56708,0.93716
97,Turkmenistan,2021,Commonwealth of Independent States,5.0664,5.97458,0.99988,62.0,0.84118,0.67612,0.94017
78,Turkmenistan,2022,Commonwealth of Independent States,5.4743,6.71819,0.99927,72.0,0.87696,0.67169,0.05386
141,Uganda,2015,Sub-Saharan Africa,3.93,1.25,0.81,51.0,0.68,0.37,0.87
146,Uganda,2016,Sub-Saharan Africa,3.739,9.8876,0.7689,52.0,0.71741,0.33063,0.12751
133,Uganda,2017,Sub-Saharan Africa,4.081,2.0389,0.70151,54.0,0.67328,0.38871,0.12291
135,Uganda,2018,Sub-Saharan Africa,4.1608,1.95126,0.19513,58.0,0.62074,0.43413,0.13262
136,Uganda,2019,Sub-Saharan Africa,4.1894,1.97369,0.65864,66.0,0.56366,0.44562,0.13222
126,Uganda,2020,Sub-Saharan Africa,4.432,2.03255,0.67999,56.0,0.5794,0.46473,0.8803
119,Uganda,2021,Sub-Saharan Africa,4.6365,2.07955,0.61212,56.0,0.55589,0.49394,0.90151
117,Uganda,2022,Sub-Saharan Africa,4.6026,3.51766,0.66312,69.0,0.54361,0.47437,0.11295
113,Uganda,2023,Sub-Saharan Africa,4.4325,3.56916,0.70603,59.0,0.55131,0.46841,0.9082
114,Uganda,2024,Sub-Saharan Africa,4.3717,3.60638,0.71189,66.0,0.68044,0.44368,0.09423
111,Ukraine,2015,Commonwealth of Independent States,4.68,4.73,0.86,63.0,0.38,0.19,0.95
123,Ukraine,2016,Western Europe,4.324,9.98844,0.85707,68.0,0.21133,0.24841,0.03621
132,Ukraine,2017,Commonwealth of Independent States,4.096,4.78228,0.86586,64.0,0.18682,0.32224,0.0496
138,Ukraine,2018,Commonwealth of Independent States,4.1029,4.80881,0.48088,66.0,0.2244,0.31287,0.02504
133,Ukraine,2019,Commonwealth of Independent States,4.3322,4.87103,0.85639,71.0,0.28197,0.33024,0.02155
123,Ukraine,2020,Commonwealth of Independent States,4.5607,5.07872,0.8538,65.0,0.46075,0.31335,0.9819
110,Ukraine,2021,Commonwealth of Independent States,4.8748,5.58894,0.81739,65.0,0.58244,0.334,0.98189
98,Ukraine,2022,Commonwealth of Independent States,5.0841,6.3877,0.81866,74.0,0.63917,0.40253,0.02865
92,Ukraine,2023,Commonwealth of Independent States,5.0714,6.17455,0.83623,65.0,0.71371,0.62952,0.97145
102,Ukraine,2024,Commonwealth of Independent States,4.873,6.30641,0.81364,71.0,0.73048,0.71213,0.04414
20,United Arab Emirates,2015,Middle East and North Africa,6.9,8.44,0.8,68.0,0.96,0.33,0.3
28,United Arab Emirates,2016,Middle East and North Africa,6.573,9.96966,0.73622,74.0,0.92385,0.32439,0.70389
21,United Arab Emirates,2017,Middle East and North Africa,6.648,8.69346,0.78631,68.0,0.92419,0.43068,0.69887
20,United Arab Emirates,2018,Middle East and North Africa,6.7741,8.89677,0.88968,70.0,0.92458,0.47512,0.40621
21,United Arab Emirates,2019,Middle East and North Africa,6.8245,8.92248,0.80668,73.0,0.94804,0.46355,0.40133
21,United Arab Emirates,2020,Middle East and North Africa,6.7908,9.31287,0.80848,67.0,0.94182,0.49254,0.58697
25,United Arab Emirates,2021,Middle East and North Africa,6.5605,8.87917,0.73373,67.0,0.93587,0.43648,0.59155
24,United Arab Emirates,2022,Middle East and North Africa,6.576,9.04366,0.74215,75.0,0.94864,0.43534,0.42677
26,United Arab Emirates,2023,Middle East and North Africa,6.5712,9.16068,0.75511,66.0,0.96615,0.44544,0.559
22,United Arab Emirates,2024,Middle East and North Africa,6.7331,9.26467,0.72003,72.0,0.94401,0.52127,0.44914
21,United Kingdom,2015,Western Europe,6.87,7.49,0.92,72.0,0.89,0.65,0.42
23,United Kingdom,2016,Western Europe,6.725,9.97265,0.91841,77.0,0.82231,0.61188,0.54233
19,United Kingdom,2017,Western Europe,6.714,7.70612,0.92915,71.0,0.77203,0.58798,0.57166
19,United Kingdom,2018,Western Europe,6.8143,7.89125,0.78913,72.0,0.73525,0.59295,0.59538
15,United Kingdom,2019,Western Europe,7.0537,7.91495,0.94699,76.0,0.71212,0.61547,0.61322
13,United Kingdom,2020,Western Europe,7.1645,8.28451,0.94202,72.0,0.75752,0.65536,0.39493
17,United Kingdom,2021,Western Europe,7.0636,8.12537,0.90592,73.0,0.81058,0.62862,0.44029
17,United Kingdom,2022,Western Europe,6.9425,8.45109,0.86604,79.0,0.8061,0.61778,0.56096
19,United Kingdom,2023,Western Europe,6.7956,8.44176,0.84353,70.0,0.81162,0.64606,0.39333
20,United Kingdom,2024,Western Europe,6.749,8.51296,0.82035,75.0,0.82599,0.66512,0.61091
15,United States,2015,North America and ANZ,7.12,8.25,0.89,70.0,0.82,0.5,0.71
13,United States,2016,North America and ANZ,7.104,9.97785,0.88553,75.0,0.79153,0.50111,0.2943
14,United States,2017,North America and ANZ,6.993,8.26538,0.88162,70.0,0.76831,0.46843,0.29213
18,United States,2018,North America and ANZ,6.886,8.47785,0.84778,71.0,0.75547,0.48629,0.292
19,United States,2019,North America and ANZ,6.8923,8.50777,0.89757,74.0,0.71946,0.49468,0.28217
18,United States,2020,North America and ANZ,6.9396,8.94129,0.90774,68.0,0.77114,0.52323,0.71437
19,United States,2021,North America and ANZ,6.9515,8.75594,0.87876,68.0,0.77367,0.46594,0.71859
16,United States,2022,North America and ANZ,6.9768,8.97234,0.89524,75.0,0.776,0.47025,0.30113
15,United States,2023,North America and ANZ,6.8937,9.00265,0.90117,66.0,0.72244,0.49739,0.69285
23,United States,2024,North America and ANZ,6.7248,9.05791,0.86094,72.0,0.67918,0.55708,0.29412
32,Uruguay,2015,Latin America and Caribbean,6.49,6.28,0.86,68.0,0.9,0.29,0.56
29,Uruguay,2016,Latin America and Caribbean,6.545,9.98467,0.87168,73.0,0.89382,0.22027,0.42346
28,Uruguay,2017,Latin America and Caribbean,6.454,6.50835,0.87685,68.0,0.8802,0.20893,0.3835
31,Uruguay,2018,Latin America and Caribbean,6.3788,6.626,0.6626,70.0,0.86249,0.21691,0.33992
33,Uruguay,2019,Latin America and Caribbean,6.2933,6.6764,0.90209,74.0,0.82773,0.22358,0.33236
26,Uruguay,2020,Latin America and Caribbean,6.4401,6.96959,0.92085,69.0,0.85719,0.23191,0.63721
31,Uruguay,2021,Latin America and Caribbean,6.4314,6.6456,0.88861,69.0,0.87359,0.23615,0.59205
30,Uruguay,2022,Latin America and Caribbean,6.4736,7.30759,0.89371,76.0,0.89858,0.2193,0.452
28,Uruguay,2023,Latin America and Caribbean,6.4939,7.35304,0.89188,68.0,0.8858,0.2414,0.54723
26,Uruguay,2024,Latin America and Caribbean,6.6115,7.45412,0.8855,73.0,0.89791,0.26459,0.38336
44,Uzbekistan,2015,Commonwealth of Independent States,6.0,3.74,0.96,60.0,0.98,0.29,0.44
49,Uzbekistan,2016,Commonwealth of Independent States,5.987,9.92666,0.98719,64.0,1.0,0.41876,0.56081
47,Uzbekistan,2017,Commonwealth of Independent States,5.971,4.20385,0.96175,62.0,1.0,0.49636,0.53096
44,Uzbekistan,2018,Commonwealth of Independent States,6.0961,4.35917,0.43592,66.0,1.0,0.54854,0.56622
41,Uzbekistan,2019,Commonwealth of Independent States,6.1741,4.42445,0.94177,72.0,1.0,0.56928,0.52985
38,Uzbekistan,2020,Commonwealth of Independent States,6.2576,4.53351,0.92663,65.0,1.0,0.6376,0.47434
42,Uzbekistan,2021,Commonwealth of Independent States,6.1788,4.39232,0.8761,65.0,1.0,0.72177,0.50518
53,Uzbekistan,2022,Commonwealth of Independent States,6.0627,5.51801,0.82699,74.0,0.96707,0.60507,0.4097
54,Uzbekistan,2023,Commonwealth of Independent States,6.0143,5.57893,0.83191,65.0,0.95948,0.6158,0.62845
47,Uzbekistan,2024,Commonwealth of Independent States,6.195,5.66075,0.86264,71.0,0.96713,0.62743,0.37326
23,Venezuela,2015,Latin America and Caribbean,6.81,6.18,0.9,65.0,0.64,0.07,0.8
44,Venezuela,2016,Latin America and Caribbean,6.084,9.89269,0.87303,69.0,0.32618,0.05185,0.16437
82,Venezuela,2017,Latin America and Caribbean,5.25,6.03192,0.88871,65.0,0.23395,0.07758,0.1389
102,Venezuela,2018,Latin America and Caribbean,4.8056,6.03779,0.60378,67.0,0.18372,0.09425,0.11299
108,Venezuela,2019,Latin America and Caribbean,4.7066,5.69744,0.87893,73.0,0.24332,0.11348,0.10445
99,Venezuela,2020,Latin America and Caribbean,5.0532,5.01237,0.8714,67.0,0.39194,0.153,0.88067
107,Venezuela,2021,Latin America and Caribbean,4.8922,4.86463,0.76552,67.0,0.39707,0.1439,0.86857
108,Venezuela,2022,Latin America and Caribbean,4.9255,0.0,0.7333,74.0,0.38197,0.48141,0.13911
88,Venezuela,2023,Latin America and Caribbean,5.2106,0.0,0.77587,64.0,0.47789,0.48704,0.84973
78,Venezuela,2024,Latin America and Caribbean,5.6067,0.0,0.8174,70.0,0.5999,0.47969,0.14982
75,Vietnam,2015,Southeast Asia,5.36,3.74,0.65,66.0,0.89,0.21,0.81
96,Vietnam,2016,Southeast Asia,5.061,9.88867,0.66863,71.0,0.91957,0.3059,0.22874
94,Vietnam,2017,Southeast Asia,5.074,4.21511,0.79319,66.0,0.86754,0.28037,0.18874
95,Vietnam,2018,Southeast Asia,5.1032,4.33358,0.43336,68.0,0.85336,0.29628,0.17397
94,Vietnam,2019,Southeast Asia,5.1753,4.39867,0.82913,73.0,0.85989,0.26057,0.16179
83,Vietnam,2020,Southeast Asia,5.3535,4.67302,0.80971,68.0,0.93879,0.23953,0.83148
79,Vietnam,2021,Southeast Asia,5.4108,4.66518,0.74449,68.0,0.9481,0.22965,0.8333
77,Vietnam,2022,Southeast Asia,5.485,5.66806,0.70576,75.0,0.95532,0.30553,0.1795
65,Vietnam,2023,Southeast Asia,5.7633,6.13089,0.7483,66.0,0.96073,0.31901,0.78257
54,Vietnam,2024,Southeast Asia,6.043,6.21579,0.78378,71.0,0.97594,0.23369,0.27818
136,Yemen,2015,Middle East and North Africa,4.08,3.23,0.49,53.0,0.53,0.11,0.86
147,Yemen,2016,Middle East and North Africa,3.724,9.34875,0.40138,57.0,0.37585,0.11981,0.11663
146,Yemen,2017,Middle East and North Africa,3.593,3.16279,0.58078,56.0,0.37898,0.12424,0.12226
152,Yemen,2018,Middle East and North Africa,3.3549,2.67746,0.26775,60.0,0.33662,0.13905,0.14037
151,Yemen,2019,Middle East and North Africa,3.3798,1.70365,0.71608,66.0,0.22665,0.19169,0.17086
146,Yemen,2020,Middle East and North Africa,3.5274,2.55553,0.76086,57.0,0.35155,0.16618,0.83616
141,Yemen,2021,Middle East and North Africa,3.6579,1.882,0.70904,57.0,0.3746,0.17047,0.83781
132,Yemen,2022,Middle East and North Africa,4.1969,3.12954,0.78989,68.0,0.44537,0.19317,0.1668
130,Yemen,2024,Middle East and North Africa,3.561,3.13606,0.79273,64.0,0.41974,0.19988,0.19678
85,Zambia,2015,Sub-Saharan Africa,5.13,2.78,0.65,50.0,0.73,0.25,0.77
106,Zambia,2016,Sub-Saharan Africa,4.795,9.96247,0.53885,54.0,0.70112,0.21795,0.22721
116,Zambia,2017,Sub-Saharan Africa,4.514,3.40185,0.62288,55.0,0.70126,0.2978,0.16845
125,Zambia,2018,Sub-Saharan Africa,4.3771,3.41039,0.34104,59.0,0.69374,0.37046,0.17933
138,Zambia,2019,Sub-Saharan Africa,4.1066,3.42973,0.65167,65.0,0.68203,0.43673,0.1912
141,Zambia,2020,Sub-Saharan Africa,3.7594,3.49347,0.579,55.0,0.7087,0.43983,0.83738
137,Zambia,2021,Sub-Saharan Africa,4.0734,3.01348,0.47069,56.0,0.68009,0.42024,0.86481
137,Zambia,2022,Sub-Saharan Africa,3.7598,4.21012,0.43733,65.0,0.70982,0.43336,0.14128
128,Zambia,2023,Sub-Saharan Africa,3.9822,4.153,0.54928,55.0,0.70585,0.44888,0.85755
131,Zambia,2024,Sub-Saharan Africa,3.5024,4.19978,0.50041,63.0,0.84216,0.41825,0.19012
115,Zimbabwe,2015,Sub-Saharan Africa,4.61,1.6,0.74,51.0,0.39,0.24,0.85
131,Zimbabwe,2016,Sub-Saharan Africa,4.193,9.51646,0.60408,51.0,0.41791,0.22573,0.16986
138,Zimbabwe,2017,Sub-Saharan Africa,3.875,2.00905,0.67249,53.0,0.51103,0.22569,0.20541
144,Zimbabwe,2018,Sub-Saharan Africa,3.6923,2.16659,0.21666,58.0,0.56038,0.22083,0.21651
146,Zimbabwe,2019,Sub-Saharan Africa,3.6632,2.172,0.68611,66.0,0.57163,0.26697,0.19725
151,Zimbabwe,2020,Sub-Saharan Africa,3.2992,2.76938,0.67709,56.0,0.54438,0.26561,0.84821
148,Zimbabwe,2021,Sub-Saharan Africa,3.1448,2.60868,0.55324,56.0,0.50129,0.29023,0.86197
144,Zimbabwe,2022,Sub-Saharan Africa,2.9951,4.28445,0.52311,64.0,0.44485,0.2271,0.17883
134,Zimbabwe,2023,Sub-Saharan Africa,3.2035,3.44725,0.54364,54.0,0.46987,0.2648,0.79117
135,Zimbabwe,2024,Sub-Saharan Africa,3.3411,3.49606,0.52587,62.0,0.56401,0.23983,0.22708
